number,municipality,data_links,log_attempt,log_result
1,Land Niedersachsen,1,started;attempt_0,no_bundestagswahl
2,Land Sachsen,1,started;attempt_0,success
3,Stadt Aach,0,,
4,Stadt Aachen,0,,
5,Städteregion Aachen,0,,
6,Stadt Aalen,0,,
7,Gemeinde Aarbergen,0,,
8,Stadt Abensberg,0,,
9,Gemeinde Abstatt,0,,
10,Gemeinde Abtsgmünd,0,,
11,Gemeinde Abtsteinach,0,,
12,Gemeinde Achberg,1,,
13,Stadt Achern,1,,
14,Stadt Achim,0,,
15,Gemeinde Achstetten,1,,
16,Flecken Adelebsen,0,,
17,Gemeinde Adelsdorf,0,,
18,Stadt Adelsheim,0,,
19,Gemeinde Adendorf,0,,
20,Flecken Aerzen,0,,
21,Gemeinde Affalterbach,0,,
22,Gemeinde Aglasterhausen,0,,
23,Stadt Ahaus,0,,
24,Samtgemeinde Ahlden,1,,
25,Stadt Ahlen,0,,
26,Gemeinde Ahnatal,1,,
27,Gemeinde Aholming,0,,
28,Gemeinde Ahorn,0,,
29,Gemeinde Ahorn,0,,
30,Gemeinde Ahorntal,1,,
31,Landkreis Aichach-Friedberg,0,,
32,Gemeinde Aichhalden,0,,
33,Gemeinde Aichstetten,1,,
34,Stadt Aichtal,0,,
35,Gemeinde Aichwald,1,,
36,Gemeinde Aidlingen,0,,
37,Verwaltungsgemeinschaft Aindling,0,,
38,Verwaltungsgemeinschaft Aiterhofen,1,,
39,Gemeinde Aitrach,1,,
40,Gemeinde Albbruck,0,,
41,Gemeinde Albershausen,0,,
42,Stadt Albstadt,1,,
43,Gemeinde Aldenhoven,0,,
44,Gemeinde Aldingen,1,,
45,Gemeinde Alfdorf,0,,
46,Stadt Alfeld (Leine),0,,
47,Gemeinde Alfter,1,,
48,Gemeinde Algermissen,0,,
49,Gemeinde Alheim,1,,
50,Gemeinde Allendorf (Eder),0,,
51,Stadt Allendorf (Lumda),0,,
52,Gemeinde Allensbach,1,,
53,Markt Allersberg,0,,
54,Gemeinde Alling,0,,
55,Gemeinde Allmendingen,1,,
56,Gemeinde Allmersbach im Tal,1,,
57,Stadt Allstedt,0,,
58,Stadt Alpirsbach,0,,
59,Gemeinde Alsbach-Hähnlein,0,,
60,Stadt Alsdorf,0,,
61,Stadt Alsfeld,1,,
62,Gemeinde Altbach,1,,
63,Gemeinde Altdorf,0,,
64,Gemeinde Altdorf,0,,
65,Verwaltungsgemeinschaft Alteglofsheim,0,,
66,Stadt Altena,0,,
67,Gemeinde Altenbeken,0,,
68,Gemeinde Altenberge,0,,
69,Gemeinde Altendorf,0,,
70,Gemeinde Altenmarkt a.d.Alz,0,,
71,Gemeinde Altenriet,0,,
72,Verwaltungsgemeinschaft Altenstadt,0,,
73,Gemeinde Altenstadt,0,,
74,Stadt Altensteig,0,,
75,Gemeinde Altheim,1,,
76,Gemeinde Altheim,1,,
77,Gemeinde Altheim (Alb),0,,
78,Gemeinde Althengstett,0,,
79,Gemeinde Althütte,0,,
80,Gemeinde Altlußheim,0,,
81,Gemeinde Altshausen,0,,
82,Markt Altusried,0,,
83,Amt Am Peenestrom,0,,
84,Landkreis Amberg-Sulzbach,0,,
85,Samtgemeinde Amelinghausen,1,,
86,Gemeinde Ammerbuch,0,,
87,Markt Ammerndorf,0,,
88,Gemeinde Ammersbek,0,,
89,Gemeinde Ammerthal,0,,
90,Stadt Amöneburg,0,,
91,Stadt Amorbach,0,,
92,Gemeinde Amstetten,0,,
93,Gemeinde Amtzell,0,,
94,Gemeinde An der Finne,0,,
95,Gemeinde Angelburg,0,,
96,Amt Anklam-Land,0,,
97,Große Kreisstadt Annaberg-Buchholz,0,,
98,Stadt Annaburg,0,,
99,Gemeinde Anröchte,0,,
100,Landkreis Ansbach,0,,
101,Gemeinde Antrifttal,0,,
102,Gemeinde Anzing,0,,
103,Gemeinde Apen,1,,
104,Samtgemeinde Apensen,0,,
105,Gemeinde Appenweier,0,,
106,Markt Arberg,0,,
107,Stadt Arendsee (Altmark),0,,
108,Gemeinde Argenbühl,0,,
109,Stadt Arnsberg,0,,
110,Stadt Arnstein,0,,
111,Stadt Aschaffenburg,1,,
112,Landkreis Aschaffenburg,0,,
113,Gemeinde Ascheberg,1,,
114,Stadt Aschersleben,0,,
115,Gemeinde Aschheim,1,,
116,Gemeinde Aspach,1,,
117,Stadt Asperg,0,,
118,Stadt Aßlar,0,,
119,Hansestadt Attendorn,0,,
120,Gemeinde Attenweiler,1,,
121,Gemeinde Au,1,,
122,Gemeinde Au am Rhein,0,,
123,Gemeinde Auenwald,1,,
124,Gemeinde Auerbach,1,,
125,Stadt Auerbach i.d.OPf.,0,,
126,Gemeinde Auetal,1,,
127,Gemeinde Auggen,0,,
128,Gemeinde Augustdorf,0,,
129,Stadt Aulendorf,0,,
130,Gemeinde Aurach,1,,
131,Verwaltungsgemeinschaft Aurachtal,0,,
132,Stadt Aurich,0,,
133,Landkreis Aurich,0,,
134,Gemeinde Baar-Ebenhausen,0,,
135,Verwaltungsgemeinschaft Babenhausen,0,,
136,Stadt Babenhausen,0,,
137,Gemeinde Babensham,0,,
138,Stadt Backnang,0,,
139,Markt Bad Abbach,0,,
140,Stadt Bad Arolsen,0,,
141,Gemeinde Bad Bellingen,1,,
142,Stadt Bad Bentheim,0,,
143,Stadt Bad Berleburg,0,,
144,Stadt Bad Berneck i.Fichtelgebirge,0,,
145,Markt Bad Bocklet,0,,
146,Gemeinde Bad Boll,0,,
147,Stadt Bad Bramstedt,0,,
148,Stadt Bad Brückenau,0,,
149,Stadt Bad Buchau,0,,
150,Stadt Bad Camberg,0,,
151,Gemeinde Bad Ditzenbach,0,,
152,Stadt Bad Driburg,0,,
153,Stadt Bad Dürrheim,0,,
154,Gemeinde Bad Emstal,0,,
155,Gemeinde Bad Endbach,0,,
156,Gemeinde Bad Essen,1,,
157,Stadt Bad Fallingbostel,0,,
158,Stadt Bad Friedrichshall,0,,
159,Stadt Bad Gandersheim,0,,
160,Bad Grund (Harz),0,,
161,Stadt Bad Harzburg,0,,
162,Stadt Bad Herrenalb,0,,
163,Kreisstadt Bad Hersfeld,0,,
164,Markt Bad Hindelang,0,,
165,Stadt Bad Homburg v. d. Höhe,0,,
166,Stadt Bad Honnef,0,,
167,Stadt Bad Iburg,0,,
168,Bad Karlshafen,0,,
169,Landkreis Bad Kissingen,0,,
170,Stadt Bad König,0,,
171,Stadt Bad Königshofen i.Grabfeld,0,,
172,Verwaltungsgemeinschaft Bad Königshofen i.Grabfeld,0,,
173,Stadt Bad Krozingen,0,,
174,Stadt Bad Laasphe,0,,
175,Gemeinde Bad Laer,0,,
176,Stadt Bad Lauterberg im Harz,0,,
177,Stadt Bad Liebenzell,0,,
178,Stadt Bad Lippspringe,0,,
179,Stadt Bad Mergentheim,0,,
180,Stadt Bad Münder am Deister,0,,
181,Stadt Bad Münstereifel,0,,
182,Stadt Bad Nauheim,0,,
183,Verwaltungsgemeinschaft Bad Neustadt a.d.Saale,0,,
184,Stadt Bad Neustadt a.d.Saale,0,,
185,Stadt Bad Oeynhausen,0,,
186,Stadt Bad Oldesloe,0,,
187,Amt Bad Oldesloe-Land,0,,
188,Stadt Bad Orb,0,,
189,Stadt Bad Pyrmont,0,,
190,Stadt Bad Rappenau,0,,
191,Gemeinde Bad Rippoldsau-Schapbach,0,,
192,Gemeinde Bad Rothenfelde,0,,
193,Stadt Bad Sachsa,0,,
194,Stadt Bad Säckingen,0,,
195,Stadt Bad Salzdetfurth,0,,
196,Gemeinde Bad Salzschlirf,0,,
197,Stadt Bad Salzuflen,0,,
198,Gemeinde Bad Sassendorf,0,,
199,Stadt Bad Saulgau,0,,
200,Stadt Bad Schmiedeberg,0,,
201,Gemeinde Bad Schönborn,1,,
202,Stadt Bad Schussenried,0,,
203,Rheingau-Taunus-Kreis,0,,
204,Kreisstadt Bad Schwalbach,0,,
205,Stadt Bad Soden am Taunus,0,,
206,Stadt Bad Soden-Salmünster,0,,
207,Stadt Bad Sooden-Allendorf,0,,
208,Markt Bad Steben,0,,
209,Stadt Bad Teinach-Zavelstein,0,,
210,Gemeinde Bad Überkingen,0,,
211,Stadt Bad Urach,0,,
212,Stadt Bad Vilbel,0,,
213,Stadt Bad Waldsee,0,,
214,Gemeinde Bad Wiessee,0,,
215,Stadt Bad Wildbad,0,,
216,Stadt Bad Wildungen,0,,
217,Stadt Bad Wimpfen,0,,
218,Stadt Bad Wörishofen,0,,
219,Stadt Bad Wünnenberg,0,,
220,Stadt Bad Wurzach,0,,
221,Gemeinde Bad Zwesten,0,,
222,Gemeinde Bad Zwischenahn,0,,
223,Samtgemeinde Baddeckenstedt,0,,
224,Stadt Baden-Baden,0,,
225,Gemeinde Badenweiler,1,,
226,Stadt Baesweiler,0,,
227,Gemeinde Bahlingen am Kaiserstuhl,0,,
228,Gemeinde Baienfurt,0,,
229,Gemeinde Baiersbronn,0,,
230,Gemeinde Baindt,0,,
231,Gemeinde Bakum,1,,
232,Gemeinde Balgheim,0,,
233,Stadt Balingen,0,,
234,Gemeinde Ballrechten-Dottingen,0,,
235,Gemeinde Baltmannsweiler,0,,
236,Gemeinde Baltrum,0,,
237,Stadt Balve,0,,
238,Gemeinde Balzheim,0,,
239,Gemeinde Bammental,0,,
240,Gemeinde Barbing,0,,
241,Samtgemeinde Bardowick,1,,
242,Stadt Bargteheide,0,,
243,Amt Bargteheide-Land,0,,
244,Gemeinde Barleben,0,,
245,Samtgemeinde Barnstorf,1,,
246,Stadt Barntrup,0,,
247,Gemeinde Barsbüttel,0,,
248,Stadt Barsinghausen,0,,
249,Gemeinde Barßel,0,,
250,Amt Barth,0,,
251,Gemeinde Bartholomä,0,,
252,Stadt Bassum,0,,
253,Gemeinde Bastheim,1,,
254,Stadt Battenberg (Eder),0,,
255,Stadt Baunatal,0,,
256,Große Kreisstadt Bautzen,0,,
257,Gemeinde Bayerisch Eisenstein,0,,
258,Stadt Bebra,0,,
259,Markt Bechhofen,0,,
260,Gemeinde Beckingen,1,,
261,Stadt Beckum,0,,
262,Stadt Bedburg,0,,
263,Gemeinde Beelen,1,,
264,Verbandsgemeinde Beetzendorf-Diesdorf,0,,
265,Stadt Beilstein,0,,
266,Gemeinde Beimerstetten,0,,
267,Gemeinde Belm,1,,
268,Gemeinde Bempflingen,1,,
269,Gemeinde Benningen am Neckar,0,,
270,Stadt Bensheim,0,,
271,Markt Beratzhausen,0,,
272,Stadt Berching,0,,
273,Markt Berchtesgaden,0,,
274,Gemeinde Berg (Lkr Hof),0,,
275,Gemeinde Berg,1,,
276,Gemeinde Berg b.Neumarkt i.d.OPf.,0,,
277,Gemeinde Bergatreute,0,,
278,Verwaltungsgemeinschaft Bergen,0,,
279,Gemeinde Berghaupten,0,,
280,Stadt Bergheim,0,,
281,Gemeinde Berghülen,0,,
282,Stadt Bergisch Gladbach,0,,
283,Stadt Bergkamen,0,,
284,Gemeinde Bergkirchen,0,,
285,Gemeinde Berglen,0,,
286,Stadt Bergneustadt,0,,
287,Gemeinde Bergrheinfeld,0,,
288,Landkreis Bergstraße,0,,
289,Verwaltungsgemeinschaft Bergtheim,0,,
290,Gemeinde Berkatal,0,,
291,Gemeinde Berkheim,1,,
292,Gemeinde Bermatingen,0,,
293,Gemeinde Bernau im Schwarzwald,1,,
294,Stadt Bernburg (Saale),0,,
295,Gemeinde Berne,1,,
296,Gemeinde Bernhardswald,0,,
297,Gemeinde Bernried am Starnberger See,0,,
298,Gemeinde Bernstadt,1,,
299,Samtgemeinde Bersenbrück,0,,
300,Gemeinde Beselich,1,,
301,Stadt Besigheim,0,,
302,Gemeinde Bessenbach,1,,
303,Gemeinde Bestwig,0,,
304,Verwaltungsgemeinschaft Betzenstein,0,,
305,Gemeinde Beuren,0,,
306,Samtgemeinde Bevern,0,,
307,Gemeinde Beverstedt,0,,
308,Stadt Beverungen,0,,
309,Stadt Bexbach,0,,
310,Landkreis Biberach,0,,
311,Gemeinde Biberach,1,,
312,Stadt Biberach an der Riß,0,,
313,Markt Biberbach,0,,
314,Gemeinde Biblis,0,,
315,Gemeinde Bickenbach,1,,
316,Gemeinde Biebergemünd,0,,
317,Gemeinde Biebertal,0,,
318,Gemeinde Biebesheim am Rhein,0,,
319,Stadt Biedenkopf,0,,
320,Gemeinde Biederbach,1,,
321,Stadt Bielefeld,0,,
322,Gemeinde Bietigheim,0,,
323,Stadt Bietigheim-Bissingen,0,,
324,Stadt Billerbeck,0,,
325,Gemeinde Billigheim,0,,
326,Gemeinde Binau,1,,
327,Gemeinde Bindlach,1,,
328,Gemeinde Bingen,1,,
329,Gemeinde Binz,0,,
330,Gemeinde Birenbach,1,,
331,Gemeinde Birkenau,0,,
332,Gemeinde Birkenfeld,0,,
333,Gemeinde Birstein,0,,
334,Gemeinde Bischoffen,1,,
335,Gemeinde Bischofsgrün,1,,
336,Gemeinde Bischofsheim,1,,
337,Stadt Bischofsheim a.d.Rhön,0,,
338,Gemeinde Bischweier,1,,
339,Gemeinde Bisingen,1,,
340,Stadt Bismark (Altmark),0,,
341,Gemeinde Bispingen,1,,
342,Gemeinde Bissendorf,0,,
343,Gemeinde Bissingen an der Teck,0,,
344,Gemeinde Bitz,0,,
345,Gemeinde Blaichach,0,,
346,Gemeinde Blankenheim,0,,
347,Stadt Blaubeuren,0,,
348,Gemeinde Blaufelden,0,,
349,Stadt Blaustein,0,,
350,Stadt Bleckede,0,,
351,Stadt Blomberg,1,,
352,Stadt Blumberg,0,,
353,Stadt Bocholt,0,,
354,Stadt Bochum,0,,
355,Stadt Bockenem,0,,
356,Gemeinde Bockhorn,0,,
357,Gemeinde Bodelshausen,0,,
358,Flecken Bodenfelde,0,,
359,Bodenseekreis,0,,
360,Samtgemeinde Bodenwerder-Polle,0,,
361,Gemeinde Bodman-Ludwigshafen,0,,
362,Gemeinde Bodnegg,0,,
363,Gemeinde Bodolz,0,,
364,Gemeinde Böbingen an der Rems,0,,
365,Landkreis Böblingen,0,,
366,Stadt Böblingen,0,,
367,Gemeinde Böbrach,1,,
368,Gemeinde Böhmenkirch,0,,
369,Gemeinde Bönen,0,,
370,Stadt Bönnigheim,0,,
371,Landkreis Börde,0,,
372,Samtgemeinde Börde Lamstedt,0,,
373,Gemeinde Bösel,1,,
374,Gemeinde Bösingen,1,,
375,Gemeinde Böttingen,1,,
376,Gemeinde Bötzingen,1,,
377,Samtgemeinde Boffzen,0,,
378,Stadt Bogen,0,,
379,Gemeinde Bohmte,1,,
380,Amt Boizenburg-Land,0,,
381,Stadt Boizenburg/Elbe,0,,
382,Samtgemeinde Boldecker Land,0,,
383,Gemeinde Bollschweil,1,,
384,Gemeinde Bondorf,0,,
385,Stadt Bonn,0,,
386,Stadt Bonndorf im Schwarzwald,0,,
387,Stadt Bopfingen,0,,
388,Gemeinde Borchen,1,,
389,Orgelstadt Borgentreich,0,,
390,Stadt Borgholzhausen,0,,
391,Kreis Borken,0,,
392,Stadt Borken,0,,
393,Stadt Borken (Hessen),0,,
394,Stadt Borkum,0,,
395,Große Kreisstadt Borna,0,,
396,Stadt Bornheim,0,,
397,Samtgemeinde Bothel,1,,
398,Gemeinde Bous,0,,
399,Flecken Bovenden,0,,
400,Stadt Boxberg,1,,
401,Gemeinde Brachttal,1,,
402,Stadt Brackenheim,0,,
403,Stadt Bräunlingen,0,,
404,Stadt Brake (Unterweser),0,,
405,Stadt Brakel,0,,
406,Stadt Bramsche,0,,
407,Stadt Braunfels,0,,
408,Stadt Braunlage,0,,
409,Gemeinde Braunsbach,0,,
410,Stadt Braunschweig,0,,
411,Gemeinde Brechen,1,,
412,Hansestadt Breckerfeld,0,,
413,Gemeinde Breidenbach,1,,
414,Stadt Breisach am Rhein,0,,
415,Gemeinde Breitenbach am Herzberg,0,,
416,Gemeinde Breitengüßbach,1,,
417,Gemeinde Breitnau,0,,
418,Gemeinde Breitscheid,0,,
419,Land Bremen,0,,
420,Stadt Bremen,0,,
421,Stadt Bremerhaven,0,,
422,Stadt Bremervörde,0,,
423,Gemeinde Brensbach,1,,
424,Stadt Bretten,0,,
425,Gemeinde Bretzfeld,0,,
426,Stadt Breuberg,0,,
427,Gemeinde Breuna,0,,
428,Gemeinde Brigachtal,0,,
429,Stadt Brilon,0,,
430,Gemeinde Brombachtal,0,,
431,Samtgemeinde Brome,0,,
432,Samtgemeinde Brookmerland,0,,
433,Samtgemeinde Bruchhausen-Vilsen,0,,
434,Stadt Bruchköbel,0,,
435,Stadt Bruchsal,0,,
436,Gemeinde Bruckberg,0,,
437,Stadt Brühl,0,,
438,Gemeinde Brühl,0,,
439,Stadt Brunsbüttel,0,,
440,Gemeinde Bubenreuth,0,,
441,Stadt Buchen (Odenwald),0,,
442,Gemeinde Buchenbach,1,,
443,Markt Buchenberg,0,,
444,Gemeinde Büchenbach,1,,
445,Stadt Bückeburg,0,,
446,Stadt Büdingen,0,,
447,Stadt Bühl,0,,
448,Gemeinde Bühlertal,1,,
449,Gemeinde Bühlertann,0,,
450,Gemeinde Bühlerzell,0,,
451,Stadt Bünde,0,,
452,Stadt Büren,0,,
453,Stadt Bürstadt,0,,
454,Gemeinde Büsingen am Hochrhein,0,,
455,Amt Büsum-Wesselburen,0,,
456,Gemeinde Büttelborn,0,,
457,Amt Bützow-Land,0,,
458,Gemeinde Buggingen,0,,
459,Gemeinde Bunde,1,,
460,Gemeinde Burbach,1,,
461,Stadt Burg,0,,
462,Amt Burg-Sankt Michaelisdonn,0,,
463,Gemeinde Burgberg i.Allgäu,0,,
464,Stadt Burgdorf,0,,
465,Burgenlandkreis,0,,
466,Markt Burghaslach,0,,
467,Marktgemeinde Burghaun,0,,
468,Gemeinde Burgoberbach,0,,
469,Gemeinde Burgrieden,0,,
470,Verwaltungsgemeinschaft Burgsinn,0,,
471,Verwaltungsgemeinschaft Burgstädt,0,,
472,Gemeinde Burgstetten,0,,
473,Gemeinde Burgwald,1,,
474,Stadt Burgwedel,0,,
475,Markt Burkardroth,0,,
476,Stadt Burladingen,0,,
477,Stadt Burscheid,0,,
478,Markt Burtenbach,0,,
479,Gemeinde Buseck,1,,
480,Gemeinde Butjadingen,0,,
481,Gemeinde Buttenwiesen,0,,
482,Stadt Butzbach,0,,
483,Hansestadt Buxtehude,0,,
484,Markt Cadolzburg,0,,
485,Stadt Calbe (Saale),0,,
486,Gemeinde Calden,1,,
487,Stadt Calw,0,,
488,Landkreis Calw,0,,
489,Gemeinde Cappeln (Oldenburg),0,,
490,Stadt Castrop-Rauxel,0,,
491,Stadt Chemnitz,0,,
492,Gemeinde Chieming,1,,
493,Bergstadt Clausthal-Zellerfeld,0,,
494,Gemeinde Cleebronn,0,,
495,Landkreis Cloppenburg,0,,
496,Stadt Cloppenburg,0,,
497,Gemeinde Cölbe,1,,
498,Kreis Coesfeld,0,,
499,Stadt Coesfeld,0,,
500,Gemeinde Collenberg,1,,
501,Markt Colmberg,0,,
502,Flecken Coppenbrügge,0,,
503,Gemeinde Cornberg,1,,
504,Stadt Coswig (Anhalt),0,,
505,Große Kreisstadt Coswig,0,,
506,Stadt Crailsheim,1,,
507,Stadt Creglingen,0,,
508,Gemeinde Cremlingen,1,,
509,Verwaltungsgemeinschaft Creußen,0,,
510,Verwaltungsgemeinschaft Crimmitschau-Dennheritz,0,,
511,Landkreis Cuxhaven,0,,
512,Stadt Cuxhaven,0,,
513,Gemeinde Dahlem,0,,
514,Samtgemeinde Dahlenburg,0,,
515,Gemeinde Daisendorf,0,,
516,Stadt Damme,0,,
517,Stadt Darmstadt,1,,
518,Landkreis Darmstadt-Dieburg,0,,
519,Verwaltungsgemeinschaft Dasing,0,,
520,Stadt Dassel,1,,
521,Stadt Datteln,0,,
522,Gemeinde Dauchingen,1,,
523,Gemeinde Dautphetal,0,,
524,Gemeinde Deckenpfronn,0,,
525,Gemeinde Deggenhausertal,0,,
526,Gemeinde Deggingen,0,,
527,Gemeinde Deißlingen,1,,
528,Gemeinde Deizisau,0,,
529,Stadt Delbrück,0,,
530,Große Kreisstadt Delitzsch,0,,
531,Flecken Delligsen,0,,
532,Stadt Delmenhorst,1,,
533,Gemeinde Denkendorf,0,,
534,Gemeinde Denkingen,1,,
535,Gemeinde Denklingen,1,,
536,Verwaltungsgemeinschaft Dentlein a.Forst,0,,
537,Gemeinde Denzlingen,1,,
538,Stadt Detmold,0,,
539,Gemeinde Dettenhausen,0,,
540,Gemeinde Dettenheim,0,,
541,Gemeinde Dettingen an der Erms,0,,
542,Gemeinde Dettingen an der Iller,0,,
543,Gemeinde Dettingen unter Teck,0,,
544,Stadt Dieburg,0,,
545,Gemeinde Diekholzen,0,,
546,Gemeinde Dielheim,1,,
547,Gemeinde Diemelsee,0,,
548,Stadt Diemelstadt,0,,
549,Landkreis Diepholz,0,,
550,Stadt Diepholz,0,,
551,Verwaltungsgemeinschaft Diespeck,1,,
552,Markt Dießen am Ammersee,0,,
553,Stadt Dietenheim,0,,
554,Markt Dietenhofen,0,,
555,Gemeinde Dietersheim,1,,
556,Gemeinde Dietingen,0,,
557,Markt Dietmannsried,0,,
558,Kreisstadt Dietzenbach,0,,
559,Gemeinde Dietzhölztal,0,,
560,Stadt Dillenburg,0,,
561,Stadt Dillingen/Saar,0,,
562,Landkreis Dingolfing-Landau,0,,
563,Große Kreisstadt Dinkelsbühl,0,,
564,Stadt Dinklage,0,,
565,Gemeinde Dipperz,0,,
566,Verwaltungsgemeinschaft Dirlewang,0,,
567,Gemeinde Dischingen,1,,
568,Stadt Dissen am Teutoburger Wald,0,,
569,Kreis Dithmarschen,0,,
570,Gemeinde Dittelbrunn,0,,
571,Stadt Ditzingen,0,,
572,Gemeinde Dobel,0,,
573,Gemeinde Döhlau,0,,
574,Amt Dömitz-Malliß,0,,
575,Gemeinde Dörentrup,0,,
576,Gemeinde Dörfles-Esbach,0,,
577,Samtgemeinde Dörpen,1,,
578,Gemeinde Dörverden,1,,
579,Gemeinde Dörzbach,1,,
580,Gemeinde Dötlingen,1,,
581,Gemeinde Dogern,0,,
582,Verwaltungsgemeinschaft Dohna-Müglitztal,0,,
583,Markt Dollnstein,0,,
584,Stadt Donaueschingen,0,,
585,Verwaltungsgemeinschaft Donaustauf,0,,
586,Große Kreisstadt Donauwörth,0,,
587,Stadt Donzdorf,1,,
588,Gemeinde Dorfprozelten,0,,
589,Stadt Dormagen,0,,
590,Gemeinde Dornburg,0,,
591,Stadt Dornhan,0,,
592,Gemeinde Dornstadt,1,,
593,Stadt Dornstetten,0,,
594,Gemeinde Dornum,0,,
595,Stadt Dorsten,1,,
596,Stadt Dortmund,0,,
597,Gemeinde Dossenheim,1,,
598,Gemeinde Dotternhausen,0,,
599,Samtgemeinde Dransfeld,0,,
600,Stadt Dreieich,0,,
601,Stadt Drensteinfurt,0,,
602,Gemeinde Driedorf,0,,
603,Gemeinde Drochtersen,0,,
604,Stadt Drolshagen,0,,
605,Stadt Duderstadt,1,,
606,Stadt Dülmen,0,,
607,Gemeinde Dürbheim,1,,
608,Kreis Düren,0,,
609,Stadt Düren,0,,
610,Gemeinde Dürmentingen,0,,
611,Markt Dürrwangen,0,,
612,Landeshauptstadt Düsseldorf,0,,
613,Stadt Duisburg,0,,
614,Gemeinde Dunningen,1,,
615,Gemeinde Durbach,1,,
616,Gemeinde Durlangen,0,,
617,Gemeinde Durmersheim,1,,
618,Gemeinde Dußlingen,1,,
619,Stadt Eberbach,0,,
620,Gemeinde Eberdingen,1,,
621,Gemeinde Eberhardzell,0,,
622,Gemeinde Ebermannsdorf,0,,
623,Gemeinde Ebersbach,1,,
624,Stadt Ebersbach an der Fils,0,,
625,Gemeinde Ebersbach-Musbach,0,,
626,Stadt Ebersberg,0,,
627,Landkreis Ebersberg,0,,
628,Gemeinde Ebersburg,0,,
629,Gemeinde Ebersdorf b.Coburg,0,,
630,Gemeinde Eberstadt,1,,
631,Gemeinde Ebhausen,0,,
632,Verwaltungsgemeinschaft Ebrach,0,,
633,Gemeinde Ebringen,1,,
634,Gemeinde Ebsdorfergrund,1,,
635,Gemeinde Eching,1,,
636,Gemeinde Echzell,0,,
637,Stadt Eckernförde,0,,
638,Gemeinde Edelsfeld,0,,
639,Gemeinde Edemissen,0,,
640,Gemeinde Edermünde,1,,
641,Gemeinde Edertal,0,,
642,Gemeinde Edewecht,1,,
643,Gemeinde Edingen-Neckarhausen,0,,
644,Gemeinde Edling,0,,
645,Gemeinde Efringen-Kirchen,0,,
646,Verbandsgemeinde Egelner Mulde,0,,
647,Gemeinde Egelsbach,1,,
648,Gemeinde Egenhausen,0,,
649,Gemeinde Egenhofen,1,,
650,Gemeinde Eggenstein-Leopoldshafen,0,,
651,Verwaltungsgemeinschaft Eggenthal,0,,
652,Gemeinde Eggingen,1,,
653,Gemeinde Egling,0,,
654,Markt Egloffstein,0,,
655,Stadt Ehingen (Donau),0,,
656,Gemeinde Ehningen,1,,
657,Gemeinde Ehrenberg (Rhön),0,,
658,Gemeinde Ehrenkirchen,0,,
659,Gemeinde Ehringshausen,0,,
660,Verwaltungsgemeinschaft Eibelstadt,0,,
661,Gemeinde Eichenau,1,,
662,Gemeinde Eichenbühl,0,,
663,Gemeinde Eichenzell,0,,
664,Landkreis Eichstätt,0,,
665,Gemeinde Eichstetten am Kaiserstuhl,0,,
666,Gemeinde Eigeltingen,1,,
667,Samtgemeinde Eilsen,1,,
668,Stadt Einbeck,0,,
669,Gemeinde Einhausen,0,,
670,Gemeinde Eisenbach (Hochschwarzwald),1,,
671,Gemeinde Eisingen,1,,
672,Gemeinde Eisingen,1,,
673,Stadt Eislingen/Fils,0,,
674,Verwaltungsgemeinschaft Eitensheim,1,,
675,Marktgemeinde Eiterfeld,0,,
676,Gemeinde Eitorf,1,,
677,Verbandsgemeinde Elbe-Havel-Land,0,,
678,Verbandsgemeinde Elbe-Heide,0,,
679,Gemeinde Elbe-Parey,0,,
680,Samtgemeinde Elbmarsch,0,,
681,Gemeinde Elbtal,1,,
682,Samtgemeinde Elbtalaue,0,,
683,Gemeinde Elchesheim-Illingen,0,,
684,Amt Eldenburg Lübz,0,,
685,Stadt Ellwangen (Jagst),0,,
686,Samtgemeinde Elm-Asse,0,,
687,Amt Elmshorn-Land,0,,
688,Stadt Elmshorn,0,,
689,Stadt Elsdorf,0,,
690,Markt Elsenfeld,0,,
691,Stadt Elsfleth,0,,
692,Gemeinde Elsteraue,1,,
693,Stadt Eltville am Rhein,0,,
694,Gemeinde Elz,1,,
695,Stadt Elzach,0,,
696,Stadt Elze,1,,
697,Gemeinde Elztal,0,,
698,Stadt Emden,1,,
699,Samtgemeinde Emlichheim,0,,
700,Landkreis Emmendingen,0,,
701,Stadt Emmendingen,0,,
702,Gemeinde Emmering,0,,
703,Gemeinde Emmerthal,0,,
704,Gemeinde Emmingen-Liptingen,0,,
705,Gemeinde Empfingen,1,,
706,Gemeinde Emsbüren,0,,
707,Stadt Emsdetten,0,,
708,Landkreis Emsland,0,,
709,Gemeinde Emstek,0,,
710,Stadt Endingen am Kaiserstuhl,0,,
711,Gemeinde Engelsberg,0,,
712,Gemeinde Engelsbrand,0,,
713,Gemeinde Engelskirchen,0,,
714,Stadt Engen,0,,
715,Widukindstadt Enger,0,,
716,Gemeinde Engstingen,1,,
717,Gemeinde Eningen unter Achalm,0,,
718,Ennepe-Ruhr-Kreis,0,,
719,Stadt Ennepetal,0,,
720,Stadt Ennigerloh,0,,
721,Gemeinde Ensdorf/Saar,0,,
722,Gemeinde Ensdorf,0,,
723,Gemeinde Ense,1,,
724,Gemeinde Epfenbach,1,,
725,Gemeinde Epfendorf,0,,
726,Gemeinde Eppelborn,1,,
727,Stadt Eppelheim,0,,
728,Gemeinde Eppertshausen,0,,
729,Stadt Eppingen,0,,
730,Stadt Eppstein,0,,
731,Kreisstadt Erbach,0,,
732,Stadt Erbach,0,,
733,Gemeinde Erdmannhausen,0,,
734,Stadt Erftstadt,1,,
735,Verwaltungsgemeinschaft Erftal,1,,
736,Gemeinde Eriskirch,1,,
737,Stadt Erkelenz,0,,
738,Gemeinde Erkenbrechtsweiler,0,,
739,Stadt Erkrath,0,,
740,Landkreis Erlangen-Höchstadt,0,,
741,Gemeinde Erlenbach,1,,
742,Stadt Erlenbach a.Main,0,,
743,Gemeinde Erlenmoos,0,,
744,Stadt Erlensee,0,,
745,Gemeinde Erligheim,1,,
746,Gemeinde Erndtebrück,0,,
747,Gemeinde Erolzheim,1,,
748,Gemeinde Ertingen,1,,
749,Stadt Erwitte,0,,
750,Gemeinde Erzhausen,0,,
751,Gemeinde Eschach,1,,
752,Markt Eschau,0,,
753,Gemeinde Eschbach,1,,
754,Stadt Eschborn,1,,
755,Gemeinde Eschbronn,1,,
756,Gemeinde Eschelbronn,0,,
757,Gemeinde Eschenbach,1,,
758,Gemeinde Eschenburg,1,,
759,Samtgemeinde Eschershausen-Stadtoldendorf,0,,
760,Markt Eschlkam,0,,
761,Kreisstadt Eschwege,0,,
762,Stadt Eschweiler,1,,
763,Samtgemeinde Esens,1,,
764,Gemeinde Eslohe (Sauerland),0,,
765,Stadt Espelkamp,1,,
766,Gemeinde Espenau,1,,
767,Stadt Essen,1,,
768,Gemeinde Essen (Oldenburg),0,,
769,Gemeinde Essingen,1,,
770,Landkreis Esslingen,0,,
771,Stadt Esslingen am Neckar,0,,
772,Verwaltungsgemeinschaft Estenfeld,1,,
773,Stadt Ettenheim,0,,
774,Stadt Ettlingen,0,,
775,Gemeinde Ettringen,0,,
776,Kreis Euskirchen,0,,
777,Stadt Euskirchen,0,,
778,Gemeinde Eußenheim,1,,
779,Gemeinde Eutingen im Gäu,0,,
780,Gemeinde Everswinkel,0,,
781,Gemeinde Extertal,1,,
782,Gemeinde Fahrenbach,1,,
783,Gemeinde Faulbach,1,,
784,Verwaltungsgemeinschaft Feilitzsch,0,,
785,Gemeinde Feldafing,0,,
786,Gemeinde Feldatal,0,,
787,Gemeinde Feldberg (Schwarzwald),0,,
788,Gemeinde Feldberger Seenlandschaft,0,,
789,Stadt Fellbach,0,,
790,Stadt Felsberg,0,,
791,Gemeinde Fernwald,1,,
792,Markt Feucht,0,,
793,Stadt Feuchtwangen,0,,
794,Gemeinde Fichtelberg,1,,
795,Stadt Filderstadt,1,,
796,Gemeinde Finnentrop,0,,
797,Samtgemeinde Fintel,1,,
798,Gemeinde Fischbachtal,1,,
799,Gemeinde Fischerbach,1,,
800,Markt Flachslanden,0,,
801,Verwaltungsgemeinschaft Fladungen,0,,
802,Verbandsgemeinde Flechtingen,0,,
803,Gemeinde Flein,0,,
804,Gemeinde Fleischwangen,1,,
805,Gemeinde Flieden,1,,
806,Gemeinde Flintsbach a.Inn,0,,
807,Gemeinde Flörsbachtal,1,,
808,Stadt Flörsheim am Main,0,,
809,Stadt Florstadt,0,,
810,Gemeinde Fluorn-Winzeln,0,,
811,Gemeinde Forbach,1,,
812,Gemeinde Forchheim,1,,
813,Große Kreisstadt Forchheim,0,,
814,Stadt Forchtenberg,0,,
815,Gemeinde Forst,0,,
816,Gemeinde Forstinning,0,,
817,Gemeinde Fränkisch-Crumbach,0,,
818,Markt Frammersbach,0,,
819,Stadt Frankenau,0,,
820,Stadt Frankenberg (Eder),0,,
821,Stadt Frankenberg/Sa.,0,,
822,Gemeinde Frankenhardt,0,,
823,Stadt Frankfurt am Main,0,,
824,Amt Franzburg-Richtenberg,0,,
825,Gemeinde Frauenau,0,,
826,Stadt Frechen,0,,
827,Gemeinde Freden (Leine),0,,
828,Samtgemeinde Fredenbeck,0,,
829,Gemeinde Freiamt,1,,
830,Große Kreisstadt Freiberg,1,,
831,Stadt Freiberg am Neckar,0,,
832,Stadt Freiburg im Breisgau,0,,
833,Landkreis Breisgau-Hochschwarzwald,0,,
834,Gemeinde Freiensteinau,0,,
835,Gemeinde Freigericht,0,,
836,Markt Freihung,0,,
837,Gemeinde Freisen,1,,
838,Landkreis Freising,0,,
839,Große Kreisstadt Freital,0,,
840,Samtgemeinde Freren,1,,
841,Gemeinde Freudenberg,0,,
842,Stadt Freudenberg,0,,
843,Stadt Freudenberg,0,,
844,Landkreis Freudenstadt,0,,
845,Stadt Freudenstadt,0,,
846,Gemeinde Freudental,0,,
847,Stadt Freyung,0,,
848,Landkreis Freyung-Grafenau,0,,
849,Gemeinde Frickenhausen,0,,
850,Gemeinde Frickingen,0,,
851,Stadt Fridingen an der Donau,0,,
852,Gemeinde Fridolfing,0,,
853,Stadt Friedberg,0,,
854,Kreisstadt Friedberg (Hessen),0,,
855,Gemeinde Friedeburg,0,,
856,Gemeinde Friedenweiler,0,,
857,Gemeinde Friedewald,0,,
858,Gemeinde Friedland,0,,
859,Amt Friedland,0,,
860,Stadt Friedrichsdorf,0,,
861,Stadt Friedrichshafen,0,,
862,Stadt Friedrichsthal,0,,
863,Gemeinde Frielendorf,0,,
864,Gemeinde Friesenheim,1,,
865,Landkreis Friesland,0,,
866,Stadt Friesoythe,0,,
867,Gemeinde Friolzheim,0,,
868,Gemeinde Frittlingen,0,,
869,Dom- und Kaiserstadt Fritzlar,0,,
870,Stadt Fröndenberg/Ruhr,0,,
871,Gemeinde Fronhausen,0,,
872,Gemeinde Fronreute,0,,
873,Verwaltungsgemeinschaft Fuchstal,0,,
874,Samtgemeinde Fürstenau,1,,
875,Große Kreisstadt Fürstenfeldbruck,0,,
876,Landkreis Fürstenfeldbruck,0,,
877,Markt Fürstenzell,0,,
878,Gemeinde Fürth,0,,
879,Landkreis Fürth,0,,
880,Stadt Füssen,1,,
881,Stadt Fulda,0,,
882,Landkreis Fulda,0,,
883,Gemeinde Fuldabrück,0,,
884,Gemeinde Fuldatal,0,,
885,Stadt Furtwangen im Schwarzwald,0,,
886,Gemeinde Gärtringen,0,,
887,Gemeinde Gäufelden,1,,
888,Stadt Gaggenau,0,,
889,Gemeinde Gaiberg,0,,
890,Gemeinde Gaienhofen,0,,
891,Stadt Gaildorf,0,,
892,Gemeinde Gailingen am Hochrhein,0,,
893,Stadt Gammertingen,0,,
894,Gemeinde Ganderkesee,0,,
895,Gemeinde Gangelt,0,,
896,Stadt Garbsen,0,,
897,Hansestadt Gardelegen,0,,
898,Gemeinde Garrel,0,,
899,Samtgemeinde Gartow,0,,
900,Gemeinde Gaukönigshofen,0,,
901,Gemeinde Gechingen,1,,
902,Stadt Gedern,0,,
903,Gemeinde Geeste,0,,
904,Samtgemeinde Geestequelle,0,,
905,Stadt Geestland,0,,
906,Stadt Gefrees,0,,
907,Stadt Gehrden,0,,
908,Gemeinde Geiersthal,0,,
909,Stadt Geilenkirchen,0,,
910,Gemeinde Geiselbach,1,,
911,Stadt Geiselhöring,0,,
912,Hochschulstadt Geisenheim,0,,
913,Stadt Geisingen,0,,
914,Stadt Geislingen,0,,
915,Stadt Geislingen an der Steige,0,,
916,Gemeinde Geldersheim,1,,
917,Samtgemeinde Gellersen,0,,
918,Kreisstadt Gelnhausen,0,,
919,Stadt Gelsenkirchen,0,,
920,Gemeinde Gemmingen,0,,
921,Gemeinde Gemmrigheim,1,,
922,Gemeinde Gemünden (Felda),0,,
923,Stadt Gemünden (Wohra),0,,
924,Verwaltungsgemeinschaft Gemünden a.Main,0,,
925,Stadt Gemünden a.Main,0,,
926,Stadt Gengenbach,0,,
927,Gemeinde Genthin,0,,
928,Stadt Georgsmarienhütte,0,,
929,Stadt Gerabronn,0,,
930,Gemeinde Gerbrunn,0,,
931,Stadt Gerbstedt,0,,
932,Stadt Gerlingen,0,,
933,Gemeinde Germaringen,0,,
934,Große Kreisstadt Germering,0,,
935,Stadt Gernsbach,0,,
936,Schöfferstadt Gernsheim,0,,
937,Gemeinde Geroldsgrün,0,,
938,Verwaltungsgemeinschaft Gerolzhofen,0,,
939,Stadt Gersfeld (Rhön),0,,
940,Gemeinde Gersheim,1,,
941,Gemeinde Gerstetten,0,,
942,Glockenstadt Gescher,0,,
943,Stadt Geseke,0,,
944,Stadt Gevelsberg,0,,
945,Verwaltungsgemeinschaft Giebelstadt,0,,
946,Samtgemeinde Gieboldehausen,0,,
947,Stadt Giengen an der Brenz,0,,
948,Gemeinde Giesen,1,,
949,Landkreis Gießen,0,,
950,Universitätsstadt Gießen,0,,
951,Stadt Gifhorn,0,,
952,Landkreis Gifhorn,0,,
953,Gemeinde Gilserberg,0,,
954,Gemeinde Gingen an der Fils,0,,
955,Stadt Ginsheim-Gustavsburg,0,,
956,Stadt Gladbeck,0,,
957,Stadt Gladenbach,0,,
958,Gemeinde Glandorf,0,,
959,Gemeinde Glashütten,1,,
960,Gemeinde Glattbach,1,,
961,Gemeinde Glatten,0,,
962,Gemeinde Glauburg,0,,
963,Große Kreisstadt Glauchau,0,,
964,Gemeinde Gleichen,1,,
965,Verwaltungsgemeinschaft Glonn,0,,
966,Gemeinde Gnarrenburg,0,,
967,Amt Gnoien,0,,
968,Gemeinde Göggingen,1,,
969,Stadt Göppingen,0,,
970,Landkreis Göppingen,0,,
971,Gemeinde Görwihl,0,,
972,Markt Gößweinstein,0,,
973,Landkreis Göttingen,0,,
974,Stadt Göttingen,0,,
975,Arneburg-Goldbeck,0,,
976,Amt Goldberg-Mildenitz,0,,
977,Verbandsgemeinde Goldene Aue,0,,
978,Gemeinde Goldenstedt,0,,
979,Stadt Goldkronach,0,,
980,Gemeinde Gomadingen,0,,
981,Gemeinde Gomaringen,0,,
982,Stadt Gommern,0,,
983,Gemeinde Gondelsheim,1,,
984,Gemeinde Gorxheimertal,0,,
985,Gemeinde Gosheim,1,,
986,Stadt Goslar,0,,
987,Landkreis Goslar,0,,
988,Gemeinde Gottenheim,0,,
989,Gemeinde Gottmadingen,0,,
990,Gemeinde Graben-Neudorf,0,,
991,Gemeinde Grabenstätt,0,,
992,Amt Grabow,0,,
993,Verwaltungsgemeinschaft Gräfenberg,0,,
994,Stadt Gräfenhainichen,0,,
995,Gemeinde Grävenwiesbach,0,,
996,Stadt Grafenau,0,,
997,Gemeinde Grafenau,0,,
998,Gemeinde Grafenberg,0,,
999,Gemeinde Grafenhausen,0,,
1000,Gemeinde Grafenrheinfeld,0,,
1001,Stadt Grafing b.München,0,,
1002,Verwaltungsgemeinschaft Grafrath,0,,
1003,Landkreis Grafschaft Bentheim,0,,
1004,Gemeinde Grainau,1,,
1005,Gemeinde Grainet,0,,
1006,Gemeinde Grasberg,1,,
1007,Gemeinde Grasellenbach,1,,
1008,Samtgemeinde Grasleben,0,,
1009,Markt Grassau,0,,
1010,Stadt Grebenau,0,,
1011,Gemeinde Grebenhain,0,,
1012,Stadt Grebenstein,0,,
1013,Gemeinde Greifenstein,0,,
1014,Gemeinde Grenzach-Wyhlen,0,,
1015,Gemeinde Grettstadt,0,,
1016,Stadt Greven,0,,
1017,Stadt Grevenbroich,0,,
1018,Stadt Grevesmühlen,0,,
1019,Amt Grevesmühlen-Land,0,,
1020,Stadt Griesheim,1,,
1021,Stadt Grimma,0,,
1022,Gemeinde Gröbenzell,0,,
1023,Stadt Gronau (Westf.),0,,
1024,Stadt Groß-Bieberau,0,,
1025,Stadt Groß-Gerau,0,,
1026,Landkreis Groß-Gerau,0,,
1027,Gemeinde Groß-Rohrheim,0,,
1028,Stadt Groß-Umstadt,0,,
1029,Gemeinde Groß-Zimmern,0,,
1030,Stadt Großalmerode,0,,
1031,Gemeinde Großbettlingen,0,,
1032,Stadt Großbottwar,0,,
1033,Gemeinde Großefehn,0,,
1034,Gemeinde Grosselfingen,0,,
1035,Stadt Großenhain,0,,
1036,Gemeinde Großenkneten,0,,
1037,Gemeinde Großenlüder,0,,
1038,Gemeinde Großerlach,1,,
1039,Gemeinde Großhabersdorf,0,,
1040,Gemeinde Großheide,0,,
1041,Gemeinde Großheirath,0,,
1042,Markt Großheubach,0,,
1043,Gemeinde Großkrotzenburg,0,,
1044,Verwaltungsgemeinschaft Großlangheim,0,,
1045,Gemeinde Großpösna,0,,
1046,Gemeinde Großrinderfeld,0,,
1047,Stadt Großröhrsdorf,0,,
1048,Gemeinde Großrosseln,0,,
1049,Stadt Großschirma,0,,
1050,Gemeinde Großwallstadt,0,,
1051,Verwaltungsgemeinschaft Grub a.Forst,0,,
1052,Stadt Grünberg,0,,
1053,Gemeinde Gründau,0,,
1054,Gemeinde Grünkraut,0,,
1055,Stadt Grünsfeld,0,,
1056,Gemeinde Gschwend,1,,
1057,Stadt Gudensberg,0,,
1058,Stadt Güglingen,0,,
1059,Gemeinde Güntersleben,0,,
1060,Stadt Güstrow,0,,
1061,Amt Güstrow-Land,0,,
1062,Gemeinde Gütenbach,1,,
1063,Kreis Gütersloh,0,,
1064,Stadt Gütersloh,0,,
1065,Stadt Gummersbach,0,,
1066,Gemeinde Gundelfingen,0,,
1067,Gemeinde Gundelsheim,1,,
1068,Stadt Gundelsheim,0,,
1069,Gemeinde Gutach (Schwarzwaldbahn),0,,
1070,Gemeinde Gutach im Breisgau,0,,
1071,Gemeinde Gutenzell-Hürbel,0,,
1072,Gemeinde Guxhagen,0,,
1073,Gartenstadt Haan,0,,
1074,Gemeinde Habichtswald,0,,
1075,Stadt Hadamar,0,,
1076,Gemeinde Häusern,0,,
1077,Samtgemeinde Hage,1,,
1078,Gemeinde Hagelstadt,0,,
1079,Stadt Hagen,1,,
1080,Gemeinde Hagen am Teutoburger Wald,0,,
1081,Gemeinde Hagen im Bremischen,0,,
1082,Amt Hagenow-Land,0,,
1083,Gemeinde Hagnau am Bodensee,0,,
1084,Verwaltungsgemeinschaft Hahnbach,0,,
1085,Stadt Haiger,1,,
1086,Stadt Haigerloch,0,,
1087,Gemeinde Haina (Kloster),0,,
1088,Gemeinde Hainburg,0,,
1089,Stadt Haiterbach,0,,
1090,Gemeinde Halblech,0,,
1091,Stadt Haldensleben,0,,
1092,Gemeinde Haldenwang,0,,
1093,Stadt Halle (Westf.),0,,
1094,Stadt Hallenberg,1,,
1095,Gemeinde Hallerndorf,0,,
1096,Stadt Haltern am See,0,,
1097,Stadt Halver,0,,
1098,Samtgemeinde Hambergen,1,,
1099,Gemeinde Hambrücken,0,,
1100,Stadt Hameln,0,,
1101,Landkreis Hameln-Pyrmont,0,,
1102,Stadt Hamm,0,,
1103,Gemeinde Hammersbach,1,,
1104,Brüder-Grimm-Stadt Hanau,0,,
1105,Samtgemeinde Hankensbüttel,0,,
1106,Stadt Hann. Münden,0,,
1107,Landeshauptstadt Hannover,0,,
1108,Universitäts- und Hansestadt Greifswald,0,,
1109,Verwaltungsgemeinschaft Happurg,0,,
1110,Stadt Hardegsen,0,,
1111,Gemeinde Hardheim,1,,
1112,Gemeinde Hardt,0,,
1113,Gemeinde Hardthausen am Kocher,0,,
1114,Stadt Haren (Ems),0,,
1115,Samtgemeinde Harpstedt,1,,
1116,Samtgemeinde Harsefeld,0,,
1117,Stadt Harsewinkel - Die Mähdrescherstadt,0,,
1118,Gemeinde Harsum,0,,
1119,Gemeinde Hartheim am Rhein,0,,
1120,Gemeinde Hasbergen,0,,
1121,Gemeinde Hasel,1,,
1122,Stadt Haselünne,0,,
1123,Stadt Haslach im Kinzigtal,0,,
1124,Landkreis Haßberge,0,,
1125,Gemeinde Hasselroth,0,,
1126,Gemeinde Haßmersheim,1,,
1127,Gemeinde Hatten,1,,
1128,Stadt Hattersheim am Main,0,,
1129,Stadt Hattingen,0,,
1130,Samtgemeinde Hattorf am Harz,0,,
1131,Stadt Hatzfeld (Eder),0,,
1132,Gemeinde Hauneck,1,,
1133,Gemeinde Haunetal,1,,
1134,Stadt Hausach,0,,
1135,Gemeinde Hausen b.Würzburg,0,,
1136,Gemeinde Hausen im Wiesental,0,,
1137,Hansestadt Havelberg,0,,
1138,Gemeinde Havixbeck,0,,
1139,Stadt Hayingen,1,,
1140,Gemeinde Hebertshausen,0,,
1141,Stadt Hechingen,1,,
1142,Stadt Hecklingen,0,,
1143,Gemeinde Heddesheim,1,,
1144,Gemeinde Heek,1,,
1145,Samtgemeinde Heemsen,0,,
1146,Samtgemeinde Heeseberg,0,,
1147,Amt Kirchspielslandgemeinde Heider Umland,0,,
1148,Stadt Heide,0,,
1149,Heidekreis,0,,
1150,Stadt Heidelberg,0,,
1151,Rhein-Neckar-Kreis,0,,
1152,Gemeinde Heiden,1,,
1153,Stadt Heidenau,0,,
1154,Landkreis Heidenheim,0,,
1155,Stadt Heidenheim an der Brenz,0,,
1156,Gemeinde Heidenrod,1,,
1157,Verwaltungsgemeinschaft Heigenbrücken,0,,
1158,Stadt Heilbronn,0,,
1159,Landkreis Heilbronn,0,,
1160,Gemeinde Heiligenberg,0,,
1161,Stadt Heiligenhaus,0,,
1162,Stadt Heimbach,0,,
1163,Stadt Heimsheim,1,,
1164,Gemeinde Heinersreuth,0,,
1165,Gemeinde Heiningen,1,,
1166,Kreis Heinsberg,0,,
1167,Stadt Heinsberg,0,,
1168,Stadt Heitersheim,0,,
1169,Verwaltungsgemeinschaft Heldenstein,0,,
1170,Gemeinde Hellenthal,0,,
1171,Stadt Helmbrechts,0,,
1172,Verwaltungsgemeinschaft Helmstadt,0,,
1173,Gemeinde Helmstadt-Bargen,0,,
1174,Landkreis Helmstedt,0,,
1175,Gemeinde Helsa,1,,
1176,Stadt Hemau,0,,
1177,Stadt Hemer,0,,
1178,Gemeinde Hemhofen,0,,
1179,Gemeinde Hemmingen,1,,
1180,Stadt Hemmingen,0,,
1181,Samtgemeinde Hemmoor,0,,
1182,Stadt Hemsbach,0,,
1183,Stadt Hennef (Sieg),0,,
1184,Amt Kirchspielslandgemeinden Eider,0,,
1185,Gemeinde Hepberg,1,,
1186,Kreisstadt Heppenheim (Bergstraße),0,,
1187,Gemeinde Herbertingen,1,,
1188,Stadt Herbolzheim,0,,
1189,Stadt Herborn,0,,
1190,Stadt Herbrechtingen,0,,
1191,Stadt Herbstein,0,,
1192,Stadt Herdecke,0,,
1193,Gemeinde Herdwangen-Schönach,0,,
1194,Kreis Herford,0,,
1195,Hansestadt Herford,0,,
1196,Stadt Heringen (Werra),0,,
1197,Gemeinde Herleshausen,0,,
1198,Gemeinde Hermaringen,1,,
1199,Gemeinde Heroldsbach,1,,
1200,Markt Heroldsberg,0,,
1201,Gemeinde Heroldstatt,0,,
1202,Stadt Herrenberg,0,,
1203,Gemeinde Herrischried,0,,
1204,Gemeinde Herrsching a.Ammersee,0,,
1205,Gemeinde Herscheid,1,,
1206,Landkreis Hersfeld-Rotenburg,0,,
1207,Stadt Herten,1,,
1208,Stadt Herzberg am Harz,0,,
1209,Gemeinde Herzebrock-Clarholz,0,,
1210,Samtgemeinde Herzlake,0,,
1211,Stadt Herzogenaurach,0,,
1212,Stadt Herzogenrath,0,,
1213,Samtgemeinde Hesel,1,,
1214,Verwaltungsgemeinschaft Heßdorf,0,,
1215,Verwaltungsgemeinschaft Hesselberg,1,,
1216,Gemeinde Hessigheim,1,,
1217,Stadt Hessisch Lichtenau,0,,
1218,Stadt Hessisch Oldendorf,0,,
1219,Stadt Hettingen,0,,
1220,Verwaltungsgemeinschaft Hettstadt,0,,
1221,Stadt Hettstedt,0,,
1222,Stadt Heubach,0,,
1223,Gemeinde Heuchelheim,0,,
1224,Stadt Heusenstamm,0,,
1225,Verwaltungsgemeinschaft Heustreu,1,,
1226,Gemeinde Heusweiler,1,,
1227,Gemeinde Heuweiler,1,,
1228,Gemeinde Hiddenhausen,0,,
1229,Stadt Hilchenbach,0,,
1230,Stadt Hilden,0,,
1231,Marktgemeinde Hilders,0,,
1232,Landkreis Hildesheim,0,,
1233,Stadt Hildesheim,1,,
1234,Gemeinde Hildrizhausen,0,,
1235,Gemeinde Hille,0,,
1236,Gemeinde Hilter am Teutoburger Wald,0,,
1237,Gemeinde Hilzingen,1,,
1238,Gemeinde Himmelkron,0,,
1239,Samtgemeinde Oldendorf-Himmelpforten,0,,
1240,Gemeinde Hinte,1,,
1241,Verwaltungsgemeinschaft Hinterschmiding,0,,
1242,Gemeinde Hinterzarten,0,,
1243,Gemeinde Hirrlingen,1,,
1244,Stadt Hirschau,0,,
1245,Gemeinde Hirschberg an der Bergstraße,0,,
1246,Stadt Hirschhorn (Neckar),0,,
1247,Gemeinde Hirzenhain,0,,
1248,Gemeinde Hitzhofen,0,,
1249,Gemeinde Hochdorf,0,,
1250,Gemeinde Hochdorf,0,,
1251,Stadt Hochheim am Main,0,,
1252,Hochsauerlandkreis,0,,
1253,Hochtaunuskreis,0,,
1254,Stadt Hockenheim,0,,
1255,Markt Höchberg,0,,
1256,Gemeinde Höchenschwand,0,,
1257,Gemeinde Höchst i.Odw.,0,,
1258,Stadt Höchstadt a.d.Aisch,0,,
1259,Verwaltungsgemeinschaft Höchstadt a.d.Aisch,0,,
1260,Verwaltungsgemeinschaft Höchstädt a.d.Donau,0,,
1261,Gemeinde Höpfingen,1,,
1262,Verwaltungsgemeinschaft Hörnergruppe,0,,
1263,Stadt Hörstel,1,,
1264,Markt Hösbach,0,,
1265,Sennegemeinde Hövelhof,0,,
1266,Kreis Höxter,0,,
1267,Stadt Höxter,0,,
1268,Landkreis Hof,0,,
1269,Gemeinde Hofbieber,0,,
1270,Stadt Hofgeismar,0,,
1271,Main-Taunus-Kreis,0,,
1272,Kreisstadt Hofheim am Taunus,0,,
1273,Markt Hofkirchen,0,,
1274,Gemeinde Hofstetten,0,,
1275,Gemeinde Hohberg,1,,
1276,Gemeinde Hohe Börde,0,,
1277,Gemeinde Hohenahr,1,,
1278,Markt Hohenburg,0,,
1279,Gemeinde Hohenfels,0,,
1280,Gemeinde Hohenhameln,0,,
1281,Gemeinde Hohenlinden,1,,
1282,Gemeinde Hohenpeißenberg,0,,
1283,Gemeinde Hohenroda,0,,
1284,Gemeinde Hohenstein,0,,
1285,Gemeinde Hohenstein,0,,
1286,Gemeinde Hohentengen,1,,
1287,Gemeinde Hohentengen am Hochrhein,0,,
1288,Gemeinde Holdorf,0,,
1289,Gemeinde Holle,0,,
1290,Samtgemeinde Holtriem,0,,
1291,Stadt Holzgerlingen,0,,
1292,Landkreis Holzminden,0,,
1293,Stadt Holzminden,0,,
1294,Gemeinde Holzwickede,0,,
1295,Kreissstadt Homberg (Efze),0,,
1296,Stadt Homberg (Ohm),1,,
1297,Kreisstadt Homburg (Saar),0,,
1298,Gemeinde Hopsten,0,,
1299,Stadt Horb am Neckar,0,,
1300,Gemeinde Horben,1,,
1301,Gemeinde Horgenzell,0,,
1302,Stadt Horn-Bad Meinberg,0,,
1303,Stadt Hornberg,1,,
1304,Samtgemeinde Horneburg,0,,
1305,Stadt Horstmar,0,,
1306,Gemeinde Hosenfeld,1,,
1307,Gemeinde Hoßkirch,0,,
1308,Samtgemeinde Grafschaft Hoya,0,,
1309,Stadt Hoyerswerda,0,,
1310,Gemeinde Hude (Oldb),0,,
1311,Stadt Hückelhoven,0,,
1312,Schloss-Stadt Hückeswagen,0,,
1313,Gemeinde Hüffenhardt,0,,
1314,Stadt Hüfingen,1,,
1315,Gemeinde Hügelsheim,1,,
1316,Gemeinde Hüllhorst,0,,
1317,Konrad-Zuse-Stadt Hünfeld,0,,
1318,Gemeinde Hünfelden,1,,
1319,Gemeinde Hünstetten,0,,
1320,Gemeinde Hürtgenwald,1,,
1321,Stadt Hürth,0,,
1322,Gemeinde Hüttenberg,0,,
1323,Gemeinde Hüttisheim,0,,
1324,Gemeinde Hüttlingen,0,,
1325,Stadt Hungen,1,,
1326,Stadt Ibbenbüren,0,,
1327,Hochschulstadt Idstein,0,,
1328,Gemeinde Iffezheim,1,,
1329,Markt Igensdorf,0,,
1330,Gemeinde Igersheim,1,,
1331,Gemeinde Iggensbach,1,,
1332,Gemeinde Iggingen,0,,
1333,Gemeinde Ihlow,0,,
1334,Gemeinde Ihringen,1,,
1335,Verwaltungsgemeinschaft Ihrlerstein,0,,
1336,Gemeinde Illerkirchberg,0,,
1337,Gemeinde Illerrieden,0,,
1338,Gemeinde Illingen,1,,
1339,Gemeinde Illingen,1,,
1340,Gemeinde Illmensee,0,,
1341,Verwaltungsgemeinschaft Illschwang,0,,
1342,Samtgemeinde Ilmenau,0,,
1343,Verwaltungsgemeinschaft Ilmmünster,1,,
1344,Gemeinde Ilsede,1,,
1345,Gemeinde Ilsfeld,0,,
1346,Stadt Ilshofen,1,,
1347,Gemeinde Ilvesheim,1,,
1348,Gemeinde Immendingen,1,,
1349,Stadt Immenhausen,0,,
1350,Gemeinde Immenstaad am Bodensee,0,,
1351,Stadt Immenstadt i.Allgäu,0,,
1352,Gemeinde Inden,1,,
1353,Stadt Ingelfingen,0,,
1354,Gemeinde Ingersheim,1,,
1355,Gemeinde Ingoldingen,1,,
1356,Stadt Ingolstadt,0,,
1357,Gemeinde Inning a.Ammersee,0,,
1358,Gemeinde Inzell,0,,
1359,Gemeinde Inzigkofen,0,,
1360,Gemeinde Inzlingen,0,,
1361,Verwaltungsgemeinschaft Iphofen,0,,
1362,Markt Ipsheim,0,,
1363,Gemeinde Irschenberg,1,,
1364,Markt Isen,0,,
1365,Gemeinde Isenbüttel,0,,
1366,Samtgemeinde Isenbüttel,0,,
1367,Stadt Iserlohn,0,,
1368,Gemeinde Isernhagen,1,,
1369,Gemeinde Ismaning,0,,
1370,Stadt Isny im Allgäu,0,,
1371,Gemeinde Ispringen,1,,
1372,Stadt Isselburg,0,,
1373,Gemeinde Ittlingen,0,,
1374,Gemeinde Itzgrund,0,,
1375,Amt Itzstedt,0,,
1376,Gemeinde Jade,1,,
1377,Gemeinde Jagsthausen,0,,
1378,Gemeinde Jagstzell,0,,
1379,Gemeinde Jandelsbrunn,0,,
1380,Gemeinde Jemgum,0,,
1381,Stadt Jerichow,0,,
1382,Gemeinde Jesberg,1,,
1383,Stadt Jessen (Elster),0,,
1384,Gemeinde Jestetten,0,,
1385,Gemeinde Jettingen,0,,
1386,Gemeinde Jetzendorf,0,,
1387,Stadt Jever,0,,
1388,Gemeinde Johannesberg,0,,
1389,Gemeinde Jork,0,,
1390,Gemeinde Jossgrund,0,,
1391,Stadt Jüchen,0,,
1392,Stadt Jülich,0,,
1393,Samtgemeinde Jümme,0,,
1394,Inselgemeinde Juist,0,,
1395,Stadt Kaarst,0,,
1396,Gemeinde Kämpfelbach,1,,
1397,Gemeinde Kaisersbach,1,,
1398,Gemeinde Kalbach,1,,
1399,Stadt Kalbe (Milde),0,,
1400,Gemeinde Kalchreuth,0,,
1401,Gemeinde Kall,0,,
1402,Gemeinde Kalletal,0,,
1403,Verwaltungsgemeinschaft Kallmünz,0,,
1404,Stadt Kaltenkirchen,0,,
1405,Stadt Kamen,0,,
1406,Gemeinde Kammeltal,0,,
1407,Gemeinde Kammerstein,0,,
1408,Stadt Kandern,0,,
1409,Gemeinde Kappel-Grafenhausen,0,,
1410,Gemeinde Kappelrodeck,0,,
1411,Stadt Karben,0,,
1412,Gemeinde Karlsbad,0,,
1413,Gemeinde Karlsdorf-Neuthard,0,,
1414,Gemeinde Karlskron,0,,
1415,Stadt Karlsruhe,0,,
1416,Landkreis Karlsruhe,0,,
1417,Stadt Karlstadt,1,,
1418,Verwaltungsgemeinschaft Kasendorf,1,,
1419,Landkreis Kassel,0,,
1420,documenta-Stadt Kassel,0,,
1421,Markt Kastl,0,,
1422,Gemeinde Katlenburg-Lindau,0,,
1423,Stadt Kaufbeuren,0,,
1424,Gemeinde Kaufungen,0,,
1425,Gemeinde Kefenrod,0,,
1426,Stadt Kehl,1,,
1427,Landkreis Kelheim,0,,
1428,Stadt Kelheim,1,,
1429,Stadt Kelkheim (Taunus),0,,
1430,Stadt Kelsterbach,0,,
1431,Gemeinde Keltern,1,,
1432,Stadt Kemberg,1,,
1433,Stadt Kempten (Allgäu),0,,
1434,Stadt Kenzingen,0,,
1435,Gemeinde Kernen im Remstal,0,,
1436,Kolpingstadt Kerpen,0,,
1437,Gemeinde Ketsch,1,,
1438,Gemeinde Kiedrich,1,,
1439,Stadt Kierspe,0,,
1440,Gemeinde Kieselbronn,0,,
1441,Markt Kipfenberg,0,,
1442,Gemeinde Kippenheim,0,,
1443,Gemeinde Kirchanschöring,0,,
1444,Gemeinde Kirchardt,0,,
1445,Gemeinde Kirchberg an der Iller,0,,
1446,Stadt Kirchberg an der Jagst,0,,
1447,Gemeinde Kirchberg an der Murr,0,,
1448,Samtgemeinde Kirchdorf,1,,
1449,Gemeinde Kirchdorf a.d.Amper,0,,
1450,Gemeinde Kirchdorf an der Iller,0,,
1451,Verwaltungsgemeinschaft Kirchehrenbach,0,,
1452,Gemeinde Kirchensittenbach,0,,
1453,Gemeinde Kirchentellinsfurt,0,,
1454,Stadt Kirchhain,0,,
1455,Gemeinde Kirchheim,1,,
1456,Verwaltungsgemeinschaft Kirchheim,0,,
1457,Gemeinde Kirchheim am Neckar,0,,
1458,Stadt Kirchheim unter Teck,0,,
1459,Gemeinde Kirchhundem,0,,
1460,Gemeinde Kirchlengern,0,,
1461,Gemeinde Kirchlinteln,0,,
1462,Markt Kirchseeon,0,,
1463,Gemeinde Kirchzarten,0,,
1464,Markt Kirchzell,0,,
1465,Gemeinde Kirkel,0,,
1466,Stadt Kirtorf,0,,
1467,Gemeinde Kißlegg,0,,
1468,Verwaltungsgemeinschaft Kist,1,,
1469,Landkreis Kitzingen,0,,
1470,Große Kreisstadt Kitzingen,0,,
1471,Gemeinde Kleinblittersdorf,0,,
1472,Gemeinde Kleines Wiesental,0,,
1473,Verwaltungsgemeinschaft Kleinheubach,0,,
1474,Gemeinde Kleinrinderfeld,0,,
1475,Verwaltungsgemeinschaft Kleinwallstadt,0,,
1476,Gemeinde Klettgau,0,,
1477,Stadt Klingenberg a.Main,0,,
1478,Gemeinde Klipphausen,0,,
1479,Stadt Klötze,0,,
1480,Amt Klützer Winkel,0,,
1481,Stadt Knittlingen,0,,
1482,Gemeinde Knüllwald,0,,
1483,Gemeinde Köditz,0,,
1484,Gemeinde Köfering,0,,
1485,Stadt Köln,0,,
1486,Gemeinde Köngen,1,,
1487,Gemeinde Königheim,0,,
1488,Gemeinde Königsbach-Stein,0,,
1489,Stadt Königsberg i.Bay.,0,,
1490,Gemeinde Königsbronn,0,,
1491,Gemeinde Königsfeld im Schwarzwald,1,,
1492,Stadt Königslutter am Elm,0,,
1493,Verwaltungsgemeinschaft Königstein,0,,
1494,Stadt Königstein im Taunus,0,,
1495,Stadt Königswinter,0,,
1496,Stadt Könnern,0,,
1497,Gemeinde Körle,0,,
1498,Gemeinde Kolitzheim,0,,
1499,Gemeinde Kollnburg,0,,
1500,Gemeinde Konradsreuth,0,,
1501,Stadt Konstanz,0,,
1502,Landkreis Konstanz,0,,
1503,Gemeinde Korb,0,,
1504,Kreis- und Hansestadt Korbach,0,,
1505,Stadt Korntal-Münchingen,0,,
1506,Stadt Kornwestheim,0,,
1507,Stadt Korschenbroich,0,,
1508,Stadt Kraichtal,0,,
1509,Gemeinde Krailling,0,,
1510,Gemeinde Krauchenwies,0,,
1511,Stadt Krautheim,0,,
1512,Gemeinde Kreßberg,0,,
1513,Gemeinde Kressbronn am Bodensee,0,,
1514,Gemeinde Kreuzau,1,,
1515,Stadt Kreuztal,0,,
1516,Verwaltungsgemeinschaft Kreuzwertheim,0,,
1517,Gemeinde Kriftel,0,,
1518,Landkreis Kronach,0,,
1519,Stadt Kronach,0,,
1520,Gemeinde Kronau,0,,
1521,Stadt Kronberg im Taunus,0,,
1522,Verwaltungsgemeinschaft Krostitz,0,,
1523,Gemeinde Krummhörn,0,,
1524,Gemeinde Kuchen,1,,
1525,Stadt Külsheim,0,,
1526,Gemeinde Kümmersbruck,0,,
1527,Gemeinde Künzell,0,,
1528,Landkreis Hohenlohekreis,0,,
1529,Stadt Künzelsau,0,,
1530,Markt Küps,0,,
1531,Gemeinde Kürnach,1,,
1532,Gemeinde Kürnbach,1,,
1533,Gemeinde Kürten,0,,
1534,Gemeinde Küssaberg,0,,
1535,Große Kreisstadt Kulmbach,0,,
1536,Landkreis Kulmbach,0,,
1537,Gemeinde Kumhausen,0,,
1538,Gemeinde Kupferzell,0,,
1539,Stadt Kuppenheim,0,,
1540,Gemeinde Kusterdingen,1,,
1541,Verwaltungsgemeinschaft Laaber,1,,
1542,Amt Laage,0,,
1543,Stadt Laatzen,0,,
1544,Gemeinde Laberweinting,0,,
1545,Gemeinde Ladbergen,0,,
1546,Stadt Ladenburg,0,,
1547,Gemeinde Laer,1,,
1548,Stadt Lage,0,,
1549,Lahn-Dill-Kreis,0,,
1550,Gemeinde Lahnau,1,,
1551,Gemeinde Lahntal,1,,
1552,Stadt Lahr/Schwarzwald,0,,
1553,Stadt Laichingen,1,,
1554,Verwaltungsgemeinschaft Lalling,0,,
1555,Stadt Lampertheim,0,,
1556,Gemeinde Lamspringe,0,,
1557,Samtgemeinde Land Hadeln,0,,
1558,Landeshauptstadt Schwerin,0,,
1559,Amt Landhagen,0,,
1560,Landkreis Landsberg am Lech,0,,
1561,Große Kreisstadt Landsberg am Lech,0,,
1562,Stadt Landsberg,0,,
1563,Stadt Langelsheim,0,,
1564,Stadt Langelsheim,0,,
1565,Stadt Langen (Hessen),0,,
1566,Gemeinde Langenargen,0,,
1567,Stadt Langenau,0,,
1568,Gemeinde Langenberg,0,,
1569,Gemeinde Langenbrettach,0,,
1570,Stadt Langenburg,0,,
1571,Gemeinde Langenenslingen,0,,
1572,Stadt Langenfeld (Rheinland),0,,
1573,Stadt Langenhagen,0,,
1574,Stadt Langenselbold,0,,
1575,Gemeinde Langensendelbach,1,,
1576,Stadt Langenzenn,0,,
1577,Gemeinde Langerwehe,0,,
1578,Gemeinde Langfurth,0,,
1579,Gemeinde Langgöns,0,,
1580,Flecken Langwedel,0,,
1581,Markt Lappersdorf,0,,
1582,Gemeinde Lastrup,0,,
1583,Samtgemeinde Lathen,1,,
1584,Stadt Laubach,0,,
1585,Gemeinde Lauben,0,,
1586,Stadt Lauchheim,0,,
1587,Gemeinde Lauchringen,1,,
1588,Stadt Lauda-Königshofen,0,,
1589,Gemeinde Laudenbach,1,,
1590,Gemeinde Lauf,1,,
1591,Stadt Lauf a.d.Pegnitz,0,,
1592,Gemeinde Laufach,1,,
1593,Stadt Laufenburg (Baden),0,,
1594,Stadt Lauffen am Neckar,0,,
1595,Stadt Laupheim,0,,
1596,Gemeinde Lautenbach,1,,
1597,Gemeinde Lauterbach,1,,
1598,Kreisstadt Lauterbach (Hessen),0,,
1599,Markt Lauterhofen,0,,
1600,Stadt Lauterstein,0,,
1601,Gemeinde Lautertal,1,,
1602,Gemeinde Lautertal (Odenwald),0,,
1603,Gemeinde Lautertal (Vogel...,0,,
1604,Stadt Lebach,0,,
1605,Gemeinde Lechbruck am See,0,,
1606,Landkreis Leer,0,,
1607,Stadt Leer (Ostfriesland),0,,
1608,Gemeinde Legden,1,,
1609,Markt Lehrberg,0,,
1610,Stadt Lehre,0,,
1611,Gemeinde Lehrensteinsfeld,0,,
1612,Stadt Lehrte,0,,
1613,Gemeinde Leibertingen,1,,
1614,Gemeinde Leiblfing,0,,
1615,Stadt Leichlingen (Rheinland),0,,
1616,Gemeinde Leidersbach,1,,
1617,Stadt Leimen,0,,
1618,Samtgemeinde Leinebergland,0,,
1619,Stadt Leinfelden-Echterdingen,0,,
1620,Stadt Leingarten,0,,
1621,Stadt Leipzig,0,,
1622,Samtgemeinde Altes Amt Lemförde,0,,
1623,Alte Hansestadt Lemgo,0,,
1624,Gemeinde Lemwerder,1,,
1625,Gemeinde Lengdorf,0,,
1626,Gemeinde Lengede,1,,
1627,Samtgemeinde Lengerich,0,,
1628,Stadt Lengerich,0,,
1629,Stadt Lennestadt,1,,
1630,Gemeinde Lenningen,1,,
1631,Gemeinde Lenting,1,,
1632,Gemeinde Lenzkirch,0,,
1633,Stadt Leonberg,1,,
1634,Gemeinde Leopoldshöhe,0,,
1635,Stadt Leun,0,,
1636,Gemeinde Leutenbach,1,,
1637,Stadt Leutershausen,0,,
1638,Stadt Leutkirch im Allgäu,0,,
1639,Stadt Leverkusen,1,,
1640,Stadt Lich,0,,
1641,Stadt Lichtenau,0,,
1642,Markt Lichtenau,0,,
1643,Stadt Lichtenau,0,,
1644,Verwaltungsgemeinschaft Lichtenberg,0,,
1645,Stadt Lichtenfels,0,,
1646,Gemeinde Lichtenstein,0,,
1647,Gemeinde Lichtenwald,1,,
1648,Samtgemeinde Liebenau,0,,
1649,Stadt Liebenau,0,,
1650,Gemeinde Liebenburg,0,,
1651,Gemeinde Liederbach am Taunus,0,,
1652,Gemeinde Lienen,1,,
1653,Gemeinde Lilienthal,0,,
1654,Gemeinde Limbach,1,,
1655,Verwaltungsgemeinschaft Limbach-Oberfrohna,0,,
1656,Kreisstadt Limburg a. d. Lahn,0,,
1657,Landkreis Limburg-Weilburg,0,,
1658,Gemeinde Limeshain,0,,
1659,Stadt Linden,0,,
1660,Stadt Lindenfels,0,,
1661,Gemeinde Lindern (Oldenburg),0,,
1662,Samtgemeinde Lindhorst,0,,
1663,Gemeinde Lindlar,0,,
1664,Stadt Lingen (Ems),0,,
1665,Gemeinde Linkenheim-Hochstetten,0,,
1666,Stadt Linnich,0,,
1667,Gemeinde Linsengericht,0,,
1668,Kreis Lippe,0,,
1669,Gemeinde Lippetal,0,,
1670,Stadt Lippstadt,1,,
1671,Verwaltungsgemeinschaft Lisberg,1,,
1672,Gemeinde Litzendorf,0,,
1673,Gemeinde Lobbach,1,,
1674,Gemeinde Löchgau,1,,
1675,Stadt Löffingen,0,,
1676,Gemeinde Löhnberg,1,,
1677,Stadt Löhne,0,,
1678,Stadt Löningen,1,,
1679,Landkreis Lörrach,0,,
1680,Stadt Lörrach,0,,
1681,Stadt Löwenstein,0,,
1682,Gemeinde Loffenau,0,,
1683,Gemeinde Lohberg,1,,
1684,Gemeinde Lohfelden,1,,
1685,Stadt Lohmar,0,,
1686,Stadt Lohne (Oldenburg),0,,
1687,Verwaltungsgemeinschaft Lohr a.Main,0,,
1688,Gemeinde Lohra,0,,
1689,Stadt Lollar,0,,
1690,Gemeinde Lonsee,1,,
1691,Stadt Lorch,0,,
1692,Stadt Lorch,0,,
1693,Karolingerstadt Lorsch,0,,
1694,Gemeinde Losheim am See,0,,
1695,Gemeinde Loßburg,1,,
1696,Gemeinde Lotte,0,,
1697,Gemeinde Lottstetten,0,,
1698,Gemeinde Loxstedt,0,,
1699,Gemeinde Ludwigsau,0,,
1700,Stadt Ludwigsburg,0,,
1701,Landkreis Ludwigsburg,0,,
1702,Amt Ludwigslust-Land,0,,
1703,Stadt Ludwigsstadt,0,,
1704,Stadt Lübbecke,0,,
1705,Stadt Lübtheen,0,,
1706,Samtgemeinde Lüchow (Wendland),0,,
1707,Landkreis Lüchow-Dannenberg,0,,
1708,Stadt Lüdenscheid,0,,
1709,Stadt Lüdinghausen,0,,
1710,Stadt Lügde,0,,
1711,Samtgemeinde Lühe,0,,
1712,Hansestadt Lüneburg,0,,
1713,Landkreis Lüneburg,0,,
1714,Stadt Lünen,0,,
1715,Gemeinde Lützelbach,1,,
1716,Stadt Lützen,0,,
1717,Amt Lützow-Lübstorf,0,,
1718,Lutherstadt Eisleben,0,,
1719,Lutherstadt Wittenberg,0,,
1720,Märkischer Kreis,0,,
1721,Gemeinde Magstadt,0,,
1722,Stadt Mahlberg,1,,
1723,Main-Kinzig-Kreis,0,,
1724,Landkreis Main-Spessart,0,,
1725,Gemeinde Mainaschaff,0,,
1726,Stadt Mainburg,0,,
1727,Verwaltungsgemeinschaft Mainburg,0,,
1728,Gemeinde Mainhardt,0,,
1729,Gemeinde Mainhausen,0,,
1730,Markt Mainleus,0,,
1731,Stadt Maintal,0,,
1732,Gemeinde Maisach,1,,
1733,Markt Mallersdorf-Pfaffenberg,0,,
1734,Gemeinde Malsch,0,,
1735,Gemeinde Malsch,0,,
1736,Gemeinde Malsfeld,0,,
1737,Gemeinde Malterdingen,0,,
1738,Verwaltungsgemeinschaft Mammendorf,0,,
1739,Markt Manching,0,,
1740,Gemeinde Mandelbachtal,0,,
1741,Universitätsstadt Mannheim,0,,
1742,Landkreis Mansfeld-Südharz,0,,
1743,Stadt Mansfeld,0,,
1744,Verwaltungsgemeinschaft Mansfelder Grund-Helbra,0,,
1745,Stadt Marbach am Neckar,0,,
1746,Universitätsstadt Marburg,0,,
1747,Landkreis Marburg-Biedenkopf,0,,
1748,Gemeinde March,1,,
1749,Verwaltungsgemeinschaft Margetshöchheim,0,,
1750,Stadt Marienberg,1,,
1751,Gemeinde Marienheide,0,,
1752,Stadt Marienmünster,0,,
1753,Stadt Markdorf,0,,
1754,Stadt Markgröningen,0,,
1755,Große Kreisstadt Markkleeberg,0,,
1756,Gemeinde Marklohe,0,,
1757,Samtgemeinde Marklohe,0,,
1758,Stadt Markranstädt,0,,
1759,Markt Markt Indersdorf,0,,
1760,Markt Markt Schwaben,0,,
1761,Markt Markt Wald,0,,
1762,Stadt Marktheidenfeld,0,,
1763,Verwaltungsgemeinschaft Marktleugast,0,,
1764,Markt Marktrodach,0,,
1765,Markt Marktschellenberg,0,,
1766,Markt Marktschorgast,0,,
1767,Stadt Marl,0,,
1768,Amt Marne-Nordsee,0,,
1769,Gemeinde Marpingen,1,,
1770,Verwaltungsgemeinschaft Marquartstein,0,,
1771,Stadt Marsberg,0,,
1772,Gemeinde Marxzell,0,,
1773,Gemeinde Maselheim,1,,
1774,Verwaltungsgemeinschaft Maßbach,0,,
1775,Gemeinde Massenbachhausen,0,,
1776,Gemeinde Mauer,1,,
1777,Gemeinde Mauerstetten,0,,
1778,Stadt Maulbronn,0,,
1779,Gemeinde Maulburg,0,,
1780,Gemeinde Mauth,1,,
1781,Stadt Mechernich,0,,
1782,Gemeinde Meckenbeuren,0,,
1783,Stadt Meckenheim,0,,
1784,Gemeinde Meckesheim,1,,
1785,Hansestadt Medebach,0,,
1786,Stadt Meerbusch,0,,
1787,Stadt Meersburg,0,,
1788,Gemeinde Mehlmeisel,0,,
1789,Samtgemeinde Meinersen,0,,
1790,Stadt Meinerzhagen,0,,
1791,Gemeinde Meinhard,0,,
1792,Große Kreisstadt Meißen,0,,
1793,Gemeinde Meißenheim,1,,
1794,Gemeinde Meißner,1,,
1795,Amt Mitteldithmarschen,0,,
1796,Stadt Melle,0,,
1797,Verwaltungsgemeinschaft Mellrichstadt,0,,
1798,Stadt Melsungen,0,,
1799,Gemeinde Memmelsdorf,0,,
1800,Verwaltungsgemeinschaft Memmingerberg,0,,
1801,Stadt Menden (Sauerland),0,,
1802,Stadt Mengen,0,,
1803,Marktflecken Mengerskirchen,0,,
1804,Stadt Meppen,0,,
1805,Gemeinde Merching,0,,
1806,Gemeinde Merchweiler,1,,
1807,Gemeinde Merdingen,1,,
1808,Marktflecken Merenberg,0,,
1809,Gemeinde Merklingen,1,,
1810,Stadt Merseburg,0,,
1811,Gemeinde Merzenich,0,,
1812,Gemeinde Merzhausen,0,,
1813,Kreisstadt Merzig,0,,
1814,Landkreis Merzig-Wadern,0,,
1815,Kreis- und Hochschulstadt Meschede,0,,
1816,Gemeinde Messel,1,,
1817,Stadt Meßkirch,0,,
1818,Stadt Meßstetten,0,,
1819,Gemeinde Metelen,0,,
1820,Markt Metten,0,,
1821,Gemeinde Mettingen,0,,
1822,Gemeinde Mettlach,1,,
1823,Kreis Mettmann,0,,
1824,Stadt Mettmann,0,,
1825,Stadt Metzingen,0,,
1826,Gemeinde Michelbach an der Bilz,0,,
1827,Gemeinde Michelfeld,0,,
1828,Stadt Michelstadt,1,,
1829,Gemeinde Mietingen,0,,
1830,Gemeinde Miltach,1,,
1831,Stadt Miltenberg,1,,
1832,Landkreis Miltenberg,0,,
1833,Kreis Minden-Lübbecke,0,,
1834,Stadt Minden,0,,
1835,Gemeinde Mintraching,0,,
1836,Verwaltungsgemeinschaft Mistelbach,0,,
1837,Verwaltungsgemeinschaft Mistelgau,0,,
1838,Gemeinde Mittelbiberach,0,,
1839,Landkreis Mittelsachsen,0,,
1840,Samtgemeinde Mittelweser,0,,
1841,Gemeinde Mittenaar,1,,
1842,Verwaltungsgemeinschaft Mitterfels,1,,
1843,Verwaltungsgemeinschaft Mitwitz,0,,
1844,Gemeinde Modautal,0,,
1845,Gemeinde Möckern,0,,
1846,Stadt Möckmühl,0,,
1847,Gemeinde Mögglingen,0,,
1848,Gemeinde Möglingen,1,,
1849,Gemeinde Möhnesee,0,,
1850,Markt Mömbris,0,,
1851,Gemeinde Mömlingen,1,,
1852,Verwaltungsgemeinschaft Mönchberg,0,,
1853,Stadt Mönchengladbach,0,,
1854,Amt Mönchgut-Granitz,0,,
1855,Gemeinde Mönchweiler,1,,
1856,Gemeinde Mönsheim,1,,
1857,Stadt Mörfelden-Walldorf,0,,
1858,Gemeinde Mörlenbach,1,,
1859,Stadt Mössingen,0,,
1860,Gemeinde Mötzingen,1,,
1861,Gemeinde Molbergen,0,,
1862,Amt Molfsee,0,,
1863,Stadt Monheim am Rhein,0,,
1864,Stadt Monschau,0,,
1865,Gemeinde Moorenweis,0,,
1866,Gemeinde Moormerland,0,,
1867,Verwaltungsgemeinschaft Moos,0,,
1868,Gemeinde Moos,0,,
1869,Stadt Moosburg a.d.Isar,0,,
1870,Gemeinde Moosinning,0,,
1871,Stadt Moringen,1,,
1872,Gemeinde Morsbach,1,,
1873,Gemeinde Morschen,1,,
1874,Stadt Mosbach,0,,
1875,Neckar-Odenwald-Kreis,0,,
1876,Gemeinde Mossautal,0,,
1877,Gemeinde Much,0,,
1878,Gemeinde Mudau,1,,
1879,Gemeinde Mücke,0,,
1880,Stadt Mühlacker,0,,
1881,Gemeinde Mühlhausen,0,,
1882,Gemeinde Mühlhausen im Täle,0,,
1883,Gemeinde Mühlhausen-Ehingen,0,,
1884,Stadt Mühlheim am Main,0,,
1885,Stadt Mühlheim an der Donau,0,,
1886,Gemeinde Mühlingen,1,,
1887,Gemeinde Mühltal,1,,
1888,Stadt Mülheim an der Ruhr,0,,
1889,Stadt Müllheim im Markgräflerland,0,,
1890,Stadt Münchberg,1,,
1891,Gemeinde Münchhausen,0,,
1892,Gemeinde Münchsmünster,0,,
1893,Stadt Münnerstadt,0,,
1894,Stadt Münsingen,0,,
1895,Stadt Münster,0,,
1896,Gemeinde Münster,0,,
1897,Gemeinde Münstertal/Schwarzwald,0,,
1898,Stadt Münzenberg,0,,
1899,Gemeinde Muggensturm,0,,
1900,Gemeinde Mulfingen,0,,
1901,Gemeinde Mundelsheim,1,,
1902,Stadt Munderkingen,0,,
1903,Stadt Munster,0,,
1904,Gemeinde Murg,0,,
1905,Gemeinde Murr,0,,
1906,Stadt Murrhardt,0,,
1907,Gemeinde Mutlangen,0,,
1908,Gemeinde Nachrodt-Wiblingwerde,0,,
1909,Stadt Nagold,0,,
1910,Gemeinde Nalbach,1,,
1911,Gemeinde Namborn,1,,
1912,Verwaltungsgemeinschaft Nassenfels,1,,
1913,Gemeinde Nattheim,0,,
1914,Gemeinde Nauheim,1,,
1915,Stadt Naumburg,0,,
1916,Stadt Naumburg (Saale),0,,
1917,Stadt Neckarbischofsheim,0,,
1918,Stadt Neckargemünd,0,,
1919,Gemeinde Neckargerach,1,,
1920,Stadt Neckarsteinach,0,,
1921,Stadt Neckarsulm,0,,
1922,Gemeinde Neckartailfingen,0,,
1923,Gemeinde Neckartenzlingen,0,,
1924,Gemeinde Neckarwestheim,0,,
1925,Gemeinde Neckarzimmern,0,,
1926,Gemeinde Nehren,0,,
1927,Gemeinde Neidlingen,1,,
1928,Gemeinde Nellingen,1,,
1929,Samtgemeinde Nenndorf,0,,
1930,Verwaltungsgemeinschaft Nennslingen,0,,
1931,Gemeinde Nentershausen,0,,
1932,Stadt Neresheim,1,,
1933,Markt Nesselwang,0,,
1934,Stadt Netphen,0,,
1935,Gemeinde Nettersheim,1,,
1936,Gemeinde Neu Wulmstorf,0,,
1937,Stadt Neu-Anspach,0,,
1938,Gemeinde Neu-Eichenberg,0,,
1939,Stadt Neu-Isenburg,0,,
1940,Gemeinde Neuberg,0,,
1941,Stadt Neubrandenburg,0,,
1942,Markt Neubrunn,0,,
1943,Amt Neubukow-Salzhaff,0,,
1944,Stadt Neubulach,0,,
1945,Markt Neuburg a.d.Kammel,0,,
1946,Stadt Neudenau,0,,
1947,Gemeinde Neudrossenfeld,0,,
1948,Stadt Neuenbürg,0,,
1949,Stadt Neuenburg am Rhein,0,,
1950,Samtgemeinde Neuenhaus,0,,
1951,Samtgemeinde Neuenkirchen,0,,
1952,Gemeinde Neuenkirchen,0,,
1953,Gemeinde Neuenkirchen,0,,
1954,Gemeinde Neuenkirchen-Vörden,0,,
1955,Gemeinde Neuenmarkt,0,,
1956,Stadt Neuenrade,0,,
1957,Stadt Neuenstadt am Kocher,0,,
1958,Stadt Neuenstein,0,,
1959,Gemeinde Neuenstein,0,,
1960,Gemeinde Neuental,0,,
1961,Gemeinde Neufahrn b.Freising,0,,
1962,Gemeinde Neufahrn i.NB,0,,
1963,Stadt Neuffen,0,,
1964,Gemeinde Amt Neuhaus,0,,
1965,Markt Neuhaus a.d.Pegnitz,0,,
1966,Gemeinde Neuhausen,0,,
1967,Gemeinde Neuhausen auf den Fildern,0,,
1968,Gemeinde Neuhausen ob Eck,0,,
1969,Gemeinde Neuhof,0,,
1970,Verwaltungsgemeinschaft Neuhof a.d.Zenn,0,,
1971,Gemeinde Neukirch,1,,
1972,Stadt Neukirchen,0,,
1973,Verwaltungsgemeinschaft Neukirchen b.Sulzbach-...,0,,
1974,Gemeinde Neuler,1,,
1975,Gemeinde Neulingen,1,,
1976,Gemeinde Neulußheim,1,,
1977,Große Kreisstadt Neumarkt i.d.OPf.,0,,
1978,Verwaltungsgemeinschaft Neumarkt i.d.OPf.,0,,
1979,Landkreis Neumarkt i.d.OPf.,0,,
1980,Gemeinde Neunkirchen,0,,
1981,Landkreis Neunkirchen,0,,
1982,Markt Neunkirchen a.Brand,0,,
1983,Gemeinde Neunkirchen-Seelscheid,0,,
1984,Gemeinde Neunkirchen,0,,
1985,Gemeinde Neureichenau,0,,
1986,Gemeinde Neuried,0,,
1987,Gemeinde Neuried,0,,
1988,Gemeinde Neuschönau,1,,
1989,Rhein-Kreis Neuss,0,,
1990,Stadt Neuss,0,,
1991,Stadt Neustadt (Hessen),0,,
1992,Stadt Neustadt a.d.Donau,0,,
1993,Stadt Neustadt am Rübenberge,0,,
1994,Große Kreisstadt Neustadt b.Coburg,0,,
1995,Amt Neustadt-Glewe,0,,
1996,Gemeinde Neustetten,0,,
1997,Stadt Neutraubling,0,,
1998,Gemeinde Neuweiler,1,,
1999,Stadt Nidda,0,,
2000,Stadt Niddatal,0,,
2001,Stadt Nidderau,0,,
2002,Stadt Nideggen,0,,
2003,Stadt Niedenstein,0,,
2004,Gemeinde Niederalteich,0,,
2005,Marktgemeinde Niederaula,0,,
2006,Gemeinde Niederdorfelden,0,,
2007,Gemeinde Niedere Börde,0,,
2008,Gemeinde Niedereschach,0,,
2009,Stadt Niederkassel,0,,
2010,Gemeinde Niedernberg,0,,
2011,Stadt Niedernhall,0,,
2012,Gemeinde Niedernhausen,0,,
2013,Samtgemeinde Niedernwöhren,0,,
2014,Stadt Niederstetten,0,,
2015,Stadt Niederstotzingen,0,,
2016,Gemeinde Niederwerrn,0,,
2017,Gemeinde Niederzier,0,,
2018,Gemeinde Niefern-Öschelbronn,0,,
2019,Stadt Nieheim,1,,
2020,Landkreis Nienburg (Weser),0,,
2021,Stadt Nienburg (Weser),0,,
2022,Samtgemeinde Nienstädt,0,,
2023,Amt Niepars,0,,
2024,Stadt Niesky,0,,
2025,Gemeinde Nieste,1,,
2026,Gemeinde Niestetal,1,,
2027,Markt Nittendorf,0,,
2028,Große Kreisstadt Nördlingen,0,,
2029,Flecken Nörten-Hardenberg,0,,
2030,Gemeinde Nörvenich,0,,
2031,Gemeinde Nohfelden,1,,
2032,Gemeinde Nonnweiler,1,,
2033,Samtgemeinde Nord-Elm,0,,
2034,Amt Nord-Rügen,0,,
2035,Stadt Norden,0,,
2036,Stadt Nordenham,0,,
2037,Stadt Norderney,0,,
2038,Markt Nordhalben,0,,
2039,Gemeinde Nordheim,1,,
2040,Stadt Nordhorn,0,,
2041,Samtgemeinde Nordhümmling,0,,
2042,Samtgemeinde Nordkehdingen,1,,
2043,Gemeinde Nordkirchen,0,,
2044,Gemeinde Nordrach,0,,
2045,Gemeinde Nordstemmen,0,,
2046,Gemeinde Nordwalde,0,,
2047,Landkreis Northeim,0,,
2048,Stadt Northeim,0,,
2049,Gemeinde Nottuln,0,,
2050,Gemeinde Notzingen,1,,
2051,Gemeinde Nüdlingen,0,,
2052,Gemeinde Nümbrecht,0,,
2053,Stadt Nürnberg,0,,
2054,Stadt Nürtingen,0,,
2055,Gemeinde Nüsttal,1,,
2056,Gemeinde Nufringen,0,,
2057,Gemeinde Nusplingen,1,,
2058,Gemeinde Nußdorf,0,,
2059,Gemeinde Nußloch,0,,
2060,Gemeinde Ober-Mörlen,0,,
2061,Stadt Ober-Ramstadt,0,,
2062,Landkreis Oberallgäu,0,,
2063,Stadt Oberasbach,0,,
2064,Gemeinde Oberaula,0,,
2065,Oberbergischer Kreis,0,,
2066,Gemeinde Oberboihingen,0,,
2067,Gemeinde Oberdachstetten,0,,
2068,Stadt Oberderdingen,0,,
2069,Gemeinde Oberdischingen,1,,
2070,Verbandsgemeinde Obere Aller,0,,
2071,Markt Oberelsbach,0,,
2072,Verwaltungsgemeinschaft Obergünzburg,0,,
2073,Gemeinde Oberhaching,0,,
2074,Gemeinde Oberharmersbach,0,,
2075,Stadt Oberhausen,0,,
2076,Gemeinde Oberhausen-Rheinhausen,0,,
2077,Stadt Oberkirch,0,,
2078,Stadt Oberkochen,0,,
2079,Markt Oberkotzau,0,,
2080,Verwaltungsgemeinschaft Obermichelbach-Tuchenbach,0,,
2081,Stadt Obernburg a.Main,0,,
2082,Stadt Oberndorf am Neckar,0,,
2083,Gemeinde Obernheim,1,,
2084,Stadt Obernkirchen,0,,
2085,Markt Obernzenn,0,,
2086,Verwaltungsgemeinschaft Oberpöring,0,,
2087,Gemeinde Oberreichenbach,0,,
2088,Gemeinde Oberried,0,,
2089,Stadt Oberriexingen,0,,
2090,Gemeinde Oberrot,0,,
2091,Gemeinde Oberschneiding,0,,
2092,Gemeinde Obersontheim,1,,
2093,Gemeinde Oberstadion,0,,
2094,Markt Oberstaufen,0,,
2095,Markt Oberstdorf,0,,
2096,Gemeinde Oberstenfeld,0,,
2097,Gemeinde Obersulm,0,,
2098,Gemeinde Oberteuringen,0,,
2099,Gemeinde Oberthal,0,,
2100,Gemeinde Obertraubling,0,,
2101,Stadt Obertshausen,0,,
2102,Stadt Oberursel (Taunus),0,,
2103,Gemeinde Oberwolfach,0,,
2104,Stadt Oberzent,0,,
2105,Verwaltungsgemeinschaft Obing,0,,
2106,Gemeinde Obing,0,,
2107,Gemeinde Obrigheim,1,,
2108,Stadt Ochsenfurt,0,,
2109,Stadt Ochsenhausen,0,,
2110,Stadt Ochtrup,0,,
2111,Gemeinde Odenthal,1,,
2112,Odenwaldkreis,0,,
2113,Samtgemeinde Oderwald,0,,
2114,Stadt Oebisfelde-Weferlingen,0,,
2115,Gemeinde Oedheim,1,,
2116,Gemeinde Öhningen,1,,
2117,Stadt Öhringen,1,,
2118,Gemeinde Ölbronn-Dürrn,0,,
2119,Stadt Oelde,0,,
2120,Stadt Oer-Erkenschwick,0,,
2121,Stadt Oerlinghausen,0,,
2122,Stadt Oestrich-Winkel,0,,
2123,Stadt Östringen,0,,
2124,Gemeinde Ötigheim,0,,
2125,Gemeinde Ötisheim,1,,
2126,Verwaltungsgemeinschaft Oettingen i.Bay.,0,,
2127,Gemeinde Offenau,1,,
2128,Landkreis Offenbach,0,,
2129,Stadt Offenbach am Main,0,,
2130,Stadt Offenburg,0,,
2131,Ortenaukreis,0,,
2132,Gemeinde Ofterdingen,1,,
2133,Gemeinde Oftersheim,1,,
2134,Stadt Olching,0,,
2135,Landkreis Oldenburg,0,,
2136,Stadt Oldenburg (Oldenburg),0,,
2137,Stadt Olfen,0,,
2138,Kreis Olpe,0,,
2139,Stadt Olpe,0,,
2140,Stadt Olsberg,1,,
2141,Stadt Oppenau,0,,
2142,Gemeinde Oppenweiler,1,,
2143,Stadt Oranienbaum-Wörlitz,0,,
2144,Gemeinde Orsingen-Nenzingen,0,,
2145,Stadt Ortenberg,0,,
2146,Stadt Oschersleben (Bode),0,,
2147,Landkreis Osnabrück,0,,
2148,Stadt Osnabrück,0,,
2149,Ostalbkreis,0,,
2150,Landkreis Ostallgäu,0,,
2151,Gemeinde Ostbevern,1,,
2152,Hansestadt Osterburg (Altmark),0,,
2153,Stadt Osterburken,0,,
2154,Gemeinde Ostercappeln,0,,
2155,Osterheide; gemfr. Bezirk,0,,
2156,Landkreis Osterholz,0,,
2157,Stadt Osterholz-Scharmbeck,0,,
2158,Stadt Osterode am Harz,0,,
2159,Stadt Ostfildern,0,,
2160,Samtgemeinde Ostheide,1,,
2161,Verwaltungsgemeinschaft Ostheim v.d.Rhön,0,,
2162,Gemeinde Ostrach,1,,
2163,Gemeinde Ostrhauderfehn,0,,
2164,Gemeinde Ottenbach,1,,
2165,Gemeinde Ottenhöfen im Schwarzwald,1,,
2166,Gemeinde Ottensoos,0,,
2167,Flecken Ottersberg,0,,
2168,Gemeinde Ottersweier,0,,
2169,Gemeinde Ottrau,0,,
2170,Stadt Ottweiler,0,,
2171,Gemeinde Otzberg,1,,
2172,Gemeinde Ovelgönne,0,,
2173,Stadt Overath,0,,
2174,Stadt Owen,0,,
2175,Gemeinde Owingen,1,,
2176,Gemeinde Oy-Mittelberg,0,,
2177,Gemeinde Oyten,0,,
2178,Kreis Paderborn,0,,
2179,Stadt Paderborn,0,,
2180,Markt Painten,0,,
2181,Gemeinde Palling,0,,
2182,Stadt Papenburg,0,,
2183,Samtgemeinde Papenteich,0,,
2184,Stadt Pappenheim,0,,
2185,Stadt Parchim,0,,
2186,Amt Parchimer Umland,0,,
2187,Gemeinde Parkstetten,0,,
2188,Verwaltungsgemeinschaft Partenstein,0,,
2189,Landkreis Passau,0,,
2190,Verwaltungsgemeinschaft Pastetten,0,,
2191,Gemeinde Patersdorf,0,,
2192,Stadt Pattensen,0,,
2193,Landkreis Peine,0,,
2194,Stadt Peine,0,,
2195,Gemeinde Pentling,0,,
2196,Stadt Penzberg,0,,
2197,Gemeinde Penzing,0,,
2198,Amt Penzliner Land,0,,
2199,Gemeinde Perl,1,,
2200,Gemeinde Petersberg,0,,
2201,Stadt Petershagen,0,,
2202,Gemeinde Pettendorf,0,,
2203,Gemeinde Petting,0,,
2204,Gemeinde Pfaffenhofen,0,,
2205,Gemeinde Pfaffenweiler,0,,
2206,Gemeinde Pfalzgrafenweiler,0,,
2207,Gemeinde Pfatter,0,,
2208,Gemeinde Pfedelbach,1,,
2209,Gemeinde Pfinztal,0,,
2210,Verwaltungsgemeinschaft Pförring,0,,
2211,Verwaltungsgemeinschaft Pforzen,0,,
2212,Stadt Pforzheim,0,,
2213,Enzkreis,0,,
2214,Gemeinde Pfronten,0,,
2215,Stadt Pfullendorf,0,,
2216,Stadt Pfullingen,0,,
2217,Stadt Pfungstadt,0,,
2218,Stadt Philippsburg,0,,
2219,Marktgemeinde Philippsthal (Werra),0,,
2220,Verwaltungsgemeinschaft Pielenhofen-Wolfsegg,0,,
2221,Amt Pinnau,0,,
2222,Landkreis Pinneberg,0,,
2223,Verwaltungsgemeinschaft Pirna,1,,
2224,Gemeinde Plankstadt,0,,
2225,Amt Plau am See,0,,
2226,Stadt Plauen,0,,
2227,Gemeinde Pleidelsheim,1,,
2228,Stadt Plettenberg,0,,
2229,Gemeinde Pliening,1,,
2230,Gemeinde Pliezhausen,0,,
2231,Stadt Plochingen,1,,
2232,Gemeinde Plüderhausen,0,,
2233,Gemeinde Pöcking,0,,
2234,Verwaltungsgemeinschaft Pöttmes,0,,
2235,Stadt Pohlheim,0,,
2236,Gemeinde Poing,0,,
2237,Gemeinde Pommelsbrunn,0,,
2238,Gemeinde Poppenhausen (Wasserkuppe),0,,
2239,Gemeinde Poppenricht,0,,
2240,Stadt Porta Westfalica,0,,
2241,Gemeinde Prackenbach,1,,
2242,Markt Presseck,0,,
2243,Markt Pressig,0,,
2244,Markt Pretzfeld,0,,
2245,Stadt Preußisch Oldendorf,0,,
2246,Stadt Prichsenstadt,0,,
2247,Gemeinde Prutting,0,,
2248,Stadt Puchheim,1,,
2249,Verwaltungsgemeinschaft Pürgen,0,,
2250,Stadt Püttlingen,0,,
2251,Stadt Pulheim,0,,
2252,Gemeinde Pullach i.Isartal,0,,
2253,Gemeinde Puschendorf,1,,
2254,Markt Pyrbaum,0,,
2255,Samtgemeinde Artland,0,,
2256,Gemeinde Quierschied,0,,
2257,Gemeinde Rabenau,1,,
2258,Stadt Radeberg,0,,
2259,Große Kreisstadt Radebeul,1,,
2260,Stadt Radevormwald,0,,
2261,Samtgemeinde Radolfshausen,0,,
2262,Stadt Radolfzell am Bodensee,0,,
2263,Gemeinde Raesfeld,0,,
2264,Stadt Rahden,0,,
2265,Gemeinde Rainau,1,,
2266,Markt Randersacker,0,,
2267,Gemeinde Rangendingen,1,,
2268,Gemeinde Ranstadt,1,,
2269,Point-Alpha-Gemeinde Rasdorf,0,,
2270,Landkreis Rastatt,0,,
2271,Stadt Rastatt,0,,
2272,Gemeinde Rastede,1,,
2273,Stadt Ratingen,0,,
2274,Gemeinde Rattenberg,0,,
2275,Stadt Rauenberg,0,,
2276,Gemeinde Rauhenebrach,1,,
2277,Stadt Raunheim,0,,
2278,Stadt Rauschenberg,1,,
2279,Landkreis Ravensburg,0,,
2280,Stadt Ravensburg,0,,
2281,Stadt Ravenstein,0,,
2282,Gemeinde Rechberghausen,0,,
2283,Gemeinde Recke,1,,
2284,Kreis Recklinghausen,0,,
2285,Stadt Recklinghausen,0,,
2286,Stadt Regensburg,0,,
2287,Landkreis Regensburg,0,,
2288,Markt Regenstauf,0,,
2289,Region Hannover,0,,
2290,Regionalverband Saarbrücken,0,,
2291,Gemeinde Regnitzlosau,0,,
2292,Stadt Rehburg-Loccum,0,,
2293,Samtgemeinde Rehden,1,,
2294,Gemeinde Rehling,0,,
2295,Gemeinde Rehlingen-Siersburg,0,,
2296,Gemeinde Reichartshausen,0,,
2297,Gemeinde Reichelsheim (Odenwald),0,,
2298,Stadt Reichelsheim (Wetterau),0,,
2299,Gemeinde Reichenau,1,,
2300,Gemeinde Reichenbach an der Fils,0,,
2301,Markt Reichenberg,0,,
2302,Gemeinde Reichenschwand,0,,
2303,Gemeinde Reichshof,0,,
2304,Gemeinde Reilingen,1,,
2305,Stadt Reinbek,0,,
2306,Stadt Reinfeld (Holstein),0,,
2307,Gemeinde Reinhardshagen,0,,
2308,Stadt Reinheim,0,,
2309,Gemeinde Reiskirchen,0,,
2310,Gemeinde Reit im Winkl,0,,
2311,Gemeinde Reken,0,,
2312,Gemeinde Rellingen,1,,
2313,Gemeinde Remchingen,1,,
2314,Rems-Murr-Kreis,0,,
2315,Stadt Remscheid,0,,
2316,Stadt Remseck am Neckar,0,,
2317,Gemeinde Remshalden,0,,
2318,Stadt Renchen,0,,
2319,Stadt Renningen,0,,
2320,Gemeinde Renquishausen,0,,
2321,Samtgemeinde Rethem/Aller,0,,
2322,Gemeinde Rettenberg,0,,
2323,Gemeinde Reute,1,,
2324,Landkreis Reutlingen,0,,
2325,Stadt Reutlingen,0,,
2326,Gemeinde Rhauderfehn,0,,
2327,Stadt Rheda-Wiedenbrück,0,,
2328,Stadt Rhede,0,,
2329,Gemeinde Rhede (Ems),0,,
2330,Rhein-Erft-Kreis,0,,
2331,Rhein-Sieg-Kreis,0,,
2332,Stadt Rheinau,0,,
2333,Stadt Rheinbach,0,,
2334,Stadt Rheine,0,,
2335,Stadt Rheinfelden (Baden),0,,
2336,Gemeinde Rheinhausen,0,,
2337,Rheinisch-Bergischer Kreis,0,,
2338,Gemeinde Rheinmünster,0,,
2339,Stadt Rheinstetten,0,,
2340,Landkreis Rhön-Grabfeld,0,,
2341,Amt Ribnitz-Damgarten,0,,
2342,Gemeinde Rickenbach,1,,
2343,Gemeinde Ried,1,,
2344,Markt Rieden,0,,
2345,Stadt Riedenburg,0,,
2346,Gemeinde Riederich,0,,
2347,Stadt Riedlingen,0,,
2348,Stadt Riedstadt,0,,
2349,Gemeinde Riegel am Kaiserstuhl,0,,
2350,Gemeinde Riegelsberg,0,,
2351,Gemeinde Rielasingen-Worblingen,0,,
2352,Stadt Rieneck,0,,
2353,Große Kreisstadt Riesa,0,,
2354,Gemeinde Riesbürg,0,,
2355,Stadt Rietberg,0,,
2356,Gemeinde Rietheim-Weilheim,0,,
2357,Gemeinde Rimbach,1,,
2358,Markt Rimpar,0,,
2359,Gemeinde Ringelai,0,,
2360,Gemeinde Ringgau,0,,
2361,Gemeinde Ringsheim,1,,
2362,Stadt Rinteln,0,,
2363,Gemeinde Ritterhude,0,,
2364,Verwaltungsgemeinschaft Rochlitz,0,,
2365,Gemeinde Rockenberg,0,,
2366,Gemeinde Rodenbach,1,,
2367,Samtgemeinde Rodenberg,0,,
2368,Stadt Rodgau,0,,
2369,Amt Röbel-Müritz,0,,
2370,Stadt Rödermark,0,,
2371,Gemeinde Rödinghausen,0,,
2372,Gemeinde Röhrmoos,0,,
2373,Markt Röhrnbach,0,,
2374,Gemeinde Römerstein,0,,
2375,Stadt Rösrath,0,,
2376,Gemeinde Roetgen,0,,
2377,Verwaltungsgemeinschaft Argental,1,,
2378,Stadt Röthenbach a.d.Pegnitz,0,,
2379,Gemeinde Röttenbach (ERH),0,,
2380,Verwaltungsgemeinschaft Röttingen,0,,
2381,Markt Rohr i.NB,0,,
2382,Gemeinde Rohrdorf,0,,
2383,Gemeinde Roigheim,1,,
2384,Gemeinde Rommerskirchen,0,,
2385,Stadt Romrod,0,,
2386,Gemeinde Ronneburg,0,,
2387,Stadt Ronnenberg,0,,
2388,Markt Ronsberg,0,,
2389,Gemeinde Ronshausen,0,,
2390,Stadt Rosbach v. d. Höhe,0,,
2391,Gemeinde Rosdorf,0,,
2392,Gemeinde Rosenberg,1,,
2393,Gemeinde Rosenberg in Baden,0,,
2394,Gemeinde Rosendahl,1,,
2395,Stadt Rosenfeld,0,,
2396,Gemeinde Rosengarten,1,,
2397,Stadt Rosenthal,0,,
2398,Gemeinde Roßdorf,0,,
2399,Verwaltungsgemeinschaft Roßhaupten,0,,
2400,Markt Roßtal,0,,
2401,Gemeinde Rot am See,0,,
2402,Gemeinde Rot an der Rot,0,,
2403,Landkreis Rotenburg (Wümme),0,,
2404,Stadt Rotenburg (Wümme),0,,
2405,Stadt Rotenburg a. d. Fulda,0,,
2406,Große Kreisstadt Rothenburg ob der Tauber,0,,
2407,Verwaltungsgemeinschaft Rothenburg ob der Tauber,0,,
2408,Stadt Rottenburg am Neckar,0,,
2409,Gemeinde Rottendorf,0,,
2410,Stadt Rottweil,0,,
2411,Landkreis Rottweil,0,,
2412,Gemeinde Rudersberg,0,,
2413,Gemeinde Rückersdorf,0,,
2414,Stadt Rüdesheim am Rhein,0,,
2415,Stadt Rüsselsheim,0,,
2416,Stadt Rüthen,0,,
2417,Gemeinde Ruhpolding,0,,
2418,Markt Ruhstorf a.d.Rott,0,,
2419,Stadt Runkel,0,,
2420,Gemeinde Ruppichteroth,0,,
2421,Gemeinde Rust,0,,
2422,Stadt Rutesheim,1,,
2423,Regionalverband Ruhr,0,,
2424,Verwaltungsgemeinschaft Saal a.d.Donau,0,,
2425,Verwaltungsgemeinschaft Saal a. d. Saale,0,,
2426,Gemeinde Saaldorf-Surheim,0,,
2427,Verbandsgemeinde Saale-Wipper,0,,
2428,Landeshauptstadt Saarbrücken,0,,
2429,Landkreis Saarlouis,0,,
2430,Kreisstadt Saarlouis,0,,
2431,Saarpfalz-Kreis,0,,
2432,Gemeinde Saarwellingen,1,,
2433,Gemeinde Sachsen b.Ansbach,0,,
2434,Samtgemeinde Sachsenhagen,1,,
2435,Stadt Sachsenheim,1,,
2436,Gemeinde Saerbeck,1,,
2437,Gemeinde Sailauf,1,,
2438,Gemeinde Salach,1,,
2439,Gemeinde Saldenburg,0,,
2440,Gemeinde Salem,1,,
2441,Gemeinde Salzatal,1,,
2442,Gemeinde Salzbergen,0,,
2443,Stadt Salzgitter,0,,
2444,Flecken Salzhemmendorf,0,,
2445,Stadt Salzkotten,1,,
2446,Altmarkkreis Salzwedel,0,,
2447,Hansestadt Salzwedel,0,,
2448,Gemeinde Sandberg,1,,
2449,Gemeinde Sande,1,,
2450,Stadt Sandersdorf-Brehna,0,,
2451,Gemeinde Sandhausen,0,,
2452,Stadt Sangerhausen,0,,
2453,Stadt Sankt Augustin,0,,
2454,Gemeinde Sankt Englmar,0,,
2455,Gemeinde Sankt Oswald-Riedlhütte,0,,
2456,Gemeinde Sankt Wolfgang,0,,
2457,Stadt Sarstedt,0,,
2458,Gemeinde Sasbach,1,,
2459,Gemeinde Sasbach am Kaiserstuhl,0,,
2460,Gemeinde Sasbachwalden,0,,
2461,Stadt Sassenberg,1,,
2462,Gemeinde Sassenburg,0,,
2463,Gemeinde Saterland,1,,
2464,Gemeinde Satteldorf,0,,
2465,Gemeinde Sauldorf,0,,
2466,Gemeinde Schaafheim,1,,
2467,Gemeinde Schalksmühle,1,,
2468,Gemeinde Schallstadt,1,,
2469,Samtgemeinde Scharnebeck,1,,
2470,Gemeinde Schauenburg,1,,
2471,Verwaltungsgemeinschaft Schauenstein,0,,
2472,Landkreis Schaumburg,0,,
2473,Stadt Scheer,1,,
2474,Gemeinde Scheeßel,1,,
2475,Gemeinde Schefflenz,1,,
2476,Stadt Schelklingen,1,,
2477,Gemeinde Schellerten,1,,
2478,Gemeinde Schemmerhofen,0,,
2479,Gemeinde Schenefeld,1,,
2480,Gemeinde Schenkenzell,0,,
2481,Gemeinde Schenklengsfeld,0,,
2482,Gemeinde Scheyern,1,,
2483,Stadt Schieder-Schwalenberg,0,,
2484,Markt Schierling,0,,
2485,Gemeinde Schiffdorf,0,,
2486,Gemeinde Schiffweiler,1,,
2487,Verwaltungsgemeinschaft Schillingsfürst,0,,
2488,Stadt Schiltach,0,,
2489,Stadt Schkeuditz,0,,
2490,Gemeinde Schkopau,1,,
2491,Gemeinde Schladen-Werla,1,,
2492,Gemeinde Schlaitdorf,0,,
2493,Gemeinde Schlangen,1,,
2494,Gemeinde Schlangenbad,1,,
2495,Gemeinde Schleching,1,,
2496,Stadt Schleiden,0,,
2497,Gemeinde Schliengen,1,,
2498,Gemeinde Schlier,1,,
2499,Gemeinde Schlierbach,1,,
2500,Markt Schliersee,0,started;attempt_0,bayern_skip
2501,Stadt Schlitz,0,started;attempt_0,success
2502,Stadt Schloß Holte-Stukenbrock,1,started;attempt_0,success
2503,Gemeinde Schluchsee,1,started;attempt_0,success
2504,Stadt Schlüchtern,1,started;attempt_0,success
2505,Stadt Schlüsselfeld,0,started;attempt_0,bayern_skip
2506,Stadt Schmallenberg,1,started;attempt_0,success
2507,Gemeinde Schmelz,1,started;attempt_0,no_bundestagswahl
2508,Markt Schmidmühlen,0,started;attempt_0,bayern_skip
2509,Gemeinde Schmitten,1,started;attempt_0,success
2510,Gemeinde Schnaitsee,1,started;attempt_0,bayern_skip
2511,Stadt Schnaittenbach,0,started;attempt_0,bayern_skip
2512,Markt Schneeberg,0,started;attempt_0,bayern_skip
2513,Gemeinde Schnelldorf,0,started;attempt_0,bayern_skip
2514,Stadt Schneverdingen,1,started;attempt_0,no_bundestagswahl
2515,Gemeinde Schöffengrund,1,started;attempt_0,success
2516,Gemeinde Schömberg,1,started;attempt_0,success
2517,Stadt Schömberg,1,started;attempt_0,success
2518,Gemeinde Schönaich,1,started;attempt_0,success
2519,Verwaltungsgemeinschaft Schönberg,0,started;attempt_0,bayern_skip
2520,Amt Schönberger Land,1,started;attempt_0,success
2521,Gemeinde Schönbrunn,1,started;attempt_0,success
2522,Stadt Schönebeck (Elbe),0,started;attempt_0,bayern_skip
2523,Gemeinde Schöneck,1,started;attempt_0,success
2524,Verwaltungsgemeinschaft Schöneck/Mühlental,0,started;attempt_0,no_bundestagswahl
2525,Stadt Schöningen,1,started;attempt_0,success
2526,Gemeinde Schöntal,1,started;attempt_0,success
2527,Gemeinde Schönwald im Schwarzwald,1,started;attempt_0,success
2528,Gemeinde Schöppingen,1,started;attempt_0,success
2529,Gemeinde Schonach im Schwarzwald,1,started;attempt_0,success
2530,Stadt Schopfheim,1,started;attempt_0,success
2531,Gemeinde Schopfloch,1,started;attempt_0,success
2532,Markt Schopfloch,0,started;attempt_0,bayern_skip
2533,Stadt Schorndorf,1,started;attempt_0,success
2534,Stadt Schortens,1,started;attempt_0,success
2535,Stadt Schotten,1,started;attempt_0,success
2536,Große Kreisstadt Schramberg,1,started;attempt_0,success
2537,Gemeinde Schrecksbach,1,started;attempt_0,success
2538,Stadt Schriesheim,1,started;attempt_0,success
2539,Stadt Schrozberg,1,started;attempt_0,success
2540,Samtgemeinde Schüttorf,1,started;attempt_0,success
2541,Gemeinde Schuttertal,1,started;attempt_0,success
2542,Gemeinde Schutterwald,1,started;attempt_0,success
2543,Gemeinde Schwabhausen,1,started;attempt_0,bayern_skip
2544,Stadt Schwäbisch Gmünd,1,started;attempt_0,success
2545,Stadt Schwäbisch Hall,1,started;attempt_0,success
2546,Landkreis Schwäbisch Hall,1,started;attempt_0,success
2547,Samtgemeinde Schwaförden,1,started;attempt_0,success
2548,Gemeinde Schwaig b.Nürnberg,0,started;attempt_0,bayern_skip
2549,Stadt Schwaigern,1,started;attempt_0,success
2550,Gemeinde Schwaikheim,1,started;attempt_0,success
2551,Gemeinde Schwalbach,1,started;attempt_0,no_bundestagswahl
2552,Stadt Schwalbach am Taunus,1,started;attempt_0,success
2553,Schwalm-Eder-Kreis,1,started;attempt_0,success
2554,Stadt Schwalmstadt,1,started;attempt_0,success
2555,Gemeinde Schwalmtal,1,started;attempt_0,success
2556,Gemeinde Schwanau,1,started;attempt_0,success
2557,Gemeinde Schwanewede,1,started;attempt_0,success
2558,Verwaltungsgemeinschaft Schwanfeld,1,started;attempt_0,bayern_skip
2559,Gemeinde Schwangau,1,started;attempt_0,bayern_skip
2560,Samtgemeinde Schwarmstedt,1,started;attempt_0,no_bundestagswahl
2561,Gemeinde Schwarzach,1,started;attempt_0,success
2562,Stadt Schwarzenbach a.Wald,0,started;attempt_0,bayern_skip
2563,Stadt Schwarzenborn,1,started;attempt_0,success
2564,Schwarzwald-Baar-Kreis,1,started;attempt_0,success
2565,Landkreis Schweinfurt,0,started;attempt_0,bayern_skip
2566,Stadt Schweinfurt,1,started;attempt_0,bayern_skip
2567,Stadt Schwelm,1,started;attempt_0,success
2568,Gemeinde Schwendi,1,started;attempt_0,success
2569,Gemeinde Schwenningen,1,started;attempt_0,success
2570,Stadt Schwerte,1,started;attempt_0,success
2571,Stadt Schwetzingen,1,started;attempt_0,no_opendata
2572,Gemeinde Schwieberdingen,1,started;attempt_0,success
2573,Gemeinde Schwörstadt,1,started;attempt_0,success
2574,Gemeinde Seckach,1,started;attempt_0,success
2575,Gemeinde Seegebiet Mansfelder Land,1,started;attempt_0,success
2576,Seehausen (Altmark),1,started;attempt_0,success
2577,Gemeinde Seeheim-Jugenheim,1,started;attempt_0,success
2578,Stadt Seeland,1,started;attempt_0,no_bundestagswahl
2579,Gemeinde Seelbach,1,started;attempt_0,success
2580,Stadt Seelze,1,started;attempt_0,failed; Message: timeout: Timed out receiving message from renderer: -0.003 (Session info: chrome=141.0.73
2581,Amt Seenlandschaft Waren,1,started;attempt_0,success
2582,Gemeinde Seeon-Seebruck,0,started;attempt_0,bayern_skip
2583,Stadt Seesen,1,started;attempt_0,success
2584,Gemeinde Seevetal,0,started;attempt_0,no_opendata
2585,Stadt Sehnde,0,started;attempt_0,failed; Message: timeout: Timed out receiving message from renderer: -0.003 (Session info: chrome=141.0.73
2586,Gemeinde Seitingen-Oberflacht,1,started;attempt_0,success
2587,Stadt Selbitz,1,started;attempt_0,bayern_skip
2588,Gemeinde Selfkant,1,started;attempt_0,no_bundestagswahl
2589,Stadt Seligenstadt,1,started;attempt_0,success
2590,Stadt Selm,1,started;attempt_0,success
2591,Samtgemeinde Selsingen,1,started;attempt_0,success
2592,Gemeinde Selters (Taunus),1,started;attempt_0,success
2593,Gemeinde Senden,1,started;attempt_0,success
2594,Stadt Sendenhorst,1,started;attempt_0,success
2595,Gemeinde Sersheim,1,started;attempt_0,success
2596,Stadt Seßlach,1,started;attempt_0,bayern_skip
2597,Gemeinde Sexau,1,started;attempt_0,success
2598,Gemeinde Sibbesse,1,started;attempt_0,success
2599,Samtgemeinde Sickte,1,started;attempt_0,success
2600,Samtgemeinde Siedenburg,0,,
2601,Gemeinde Siegbach,1,,
2602,Stadt Siegburg,0,,
2603,Gemeinde Siegelsbach,1,,
2604,Kreis Siegen-Wittgenstein,0,,
2605,Universitätsstadt Siegen,0,,
2606,Verwaltungsgemeinschaft Siegenburg,0,,
2607,Gemeinde Siegsdorf,0,,
2608,Amt Siek,0,,
2609,Stadt Sigmaringen,0,,
2610,Landkreis Sigmaringen,0,,
2611,Gemeinde Sigmaringendorf,0,,
2612,Gemeinde Simmelsdorf,0,,
2613,Gemeinde Simmerath,0,,
2614,Gemeinde Simmozheim,0,,
2615,Gemeinde Simonswald,0,,
2616,Stadt Sindelfingen,0,,
2617,Stadt Singen (Hohentwiel),0,,
2618,Gemeinde Sinn,1,,
2619,Gemeinde Sinntal,1,,
2620,Stadt Sinsheim,1,,
2621,Gemeinde Sinzheim,1,,
2622,Gemeinde Sinzing,0,,
2623,Gemeinde Sipplingen,1,,
2624,Samtgemeinde Sittensen,1,,
2625,Samtgemeinde Sögel,1,,
2626,Gemeinde Söhlde,1,,
2627,Gemeinde Söhrewald,1,,
2628,Gemeinde Sölden,1,,
2629,Kreis Soest,0,,
2630,Stadt Soest,1,,
2631,Stadt Solingen,1,,
2632,Stadt Solms,1,,
2633,Gemeinde Solnhofen,0,,
2634,Stadt Soltau,0,,
2635,Gemeinde Sonnenbühl,0,,
2636,Gemeinde Sontheim an der Brenz,0,,
2637,Stadt Sonthofen,0,,
2638,Stadt Sontra,0,,
2639,Samtgemeinde Sottrum,1,,
2640,Stadt Spaichingen,1,,
2641,Liebenbachstadt Spangenberg,0,,
2642,Gemeinde Speichersdorf,0,,
2643,Samtgemeinde Spelle,1,,
2644,Stadt Spenge,0,,
2645,Gemeinde Spiegelau,1,,
2646,Gemeinde Spiegelberg,0,,
2647,Gemeinde Spiesen-Elversberg,0,,
2648,Gemeinde Spraitbach,1,,
2649,Stadt Springe,0,,
2650,Stadt Sprockhövel,0,,
2651,Stadt St. Blasien,0,,
2652,Stadt St. Georgen im Schwarzwald,0,,
2653,Mittelstadt St. Ingbert,0,,
2654,Gemeinde St. Johann,0,,
2655,Gemeinde St. Leon-Rot,0,,
2656,Gemeinde St. Märgen,0,,
2657,Kreisstadt St. Wendel,0,,
2658,Landkreis St. Wendel,0,,
2659,Landkreis Stade,0,,
2660,Hansestadt Stade,0,,
2661,Gemeinde Stadland,0,,
2662,Stadt Stadtallendorf,0,,
2663,Stadt Stadthagen,0,,
2664,Stadt Stadtlohn,0,,
2665,Verwaltungsgemeinschaft Stadtprozelten,0,,
2666,Verwaltungsgemeinschaft Stadtsteinach,0,,
2667,Gemeinde Staig,1,,
2668,Markt Stammbach,0,,
2669,Gemeinde Stammham,0,,
2670,Landkreis Starnberg,0,,
2671,Gemeinde Starzach,1,,
2672,Stadt Staßfurt,0,,
2673,Stadt Staufen im Breisgau,0,,
2674,Gemeinde Staufenberg,0,,
2675,Stadt Staufenberg,0,,
2676,Amt Stavenhagen,0,,
2677,Gemeinde Steffenberg,0,,
2678,Gemeinde Stegen,1,,
2679,Samtgemeinde Steimbke,1,,
2680,Stadt Stein,1,,
2681,Gemeinde Steinach,1,,
2682,Gemeinde Steinach,1,,
2683,Stadt Steinau an der Straße,0,,
2684,Stadt Steinbach (Taunus),0,,
2685,Gemeinde Steinbach a.Wald,0,,
2686,Gemeinde Steinen,1,,
2687,Gemeinde Steinenbronn,1,,
2688,Gemeinde Steinfeld (Oldenburg),0,,
2689,Kreis Steinfurt,0,,
2690,Stadt Steinfurt,0,,
2691,Gemeinde Steinhagen (Westf.),0,,
2692,Gemeinde Steinhausen an der Rottum,0,,
2693,Stadt Steinheim,0,,
2694,Gemeinde Steinheim am Albuch,0,,
2695,Stadt Steinheim an der Murr,0,,
2696,Gemeinde Steinhöring,1,,
2697,Verwaltungsgemeinschaft Steinkirchen,0,,
2698,Gemeinde Steinmauern,1,,
2699,Markt Steinwiesen,0,,
2700,Gemeinde Steißlingen,1,,
2701,Gemeinde Stelle,1,,
2702,Gemeinde Stemwede,1,,
2703,Landkreis Stendal,0,,
2704,Hansestadt Stendal,0,,
2705,Gemeinde Sternenfels,0,,
2706,Gemeinde Stetten,1,,
2707,Gemeinde Stetten am kalten Markt,0,,
2708,Flecken Steyerberg,0,,
2709,Gemeinde Stimpfach,0,,
2710,Stadt Stockach,0,,
2711,Gemeinde Stockheim,1,,
2712,Gemeinde Stockstadt am Rhein,0,,
2713,Verwaltungsgemeinschaft Stötten a.Auerberg,0,,
2714,Kupferstadt Stolberg (Rhld.),0,,
2715,Kreis Stormarn,0,,
2716,Amt Stralendorf,0,,
2717,Gemeinde Straßberg,1,,
2718,Verwaltungsgemeinschaft Straßkirchen,0,,
2719,Gemeinde Straubenhardt,0,,
2720,Stadt Straubing,0,,
2721,Landkreis Straubing-Bogen,0,,
2722,Stadt Stühlingen,1,,
2723,Gemeinde Stuhr,1,,
2724,Stadt Stutensee,0,,
2725,Landeshauptstadt Stuttgart,0,,
2726,Gemeinde Südbrookmerland,0,,
2727,Gemeinde Südharz,1,,
2728,Gemeinde Südlohn,0,,
2729,Gemeinde Sülzetal,1,,
2730,Verwaltungsgemeinschaft Sünching,0,,
2731,Stadt Süßen,1,,
2732,Stadt Sulingen,1,,
2733,Stadt Sulz am Neckar,0,,
2734,Gemeinde Sulzbach (Taunus),0,,
2735,Markt Sulzbach a.Main,0,,
2736,Gemeinde Sulzbach an der Murr,0,,
2737,Stadt Sulzbach-Rosenberg,0,,
2738,Stadt Sulzbach/Saar,0,,
2739,Markt Sulzberg,0,,
2740,Stadt Sulzburg,0,,
2741,Gemeinde Sulzfeld,0,,
2742,Stadt Sundern (Sauerland),0,,
2743,Gemeinde Surberg,1,,
2744,Gemeinde Swisttal,0,,
2745,Stadt Syke,1,,
2746,Gemeinde Tacherting,0,,
2747,Gemeinde Talheim,1,,
2748,Gemeinde Talheim,1,,
2749,Gemeinde Tamm,0,,
2750,Stadt Tangerhütte,0,,
2751,Stadt Tangermünde,0,,
2752,Stadt Tann (Rhön),0,,
2753,Gemeinde Tannheim,0,,
2754,Samtgemeinde Tarmstedt,1,,
2755,Main-Tauber-Kreis,0,,
2756,Stadt Tauberbischofsheim,0,,
2757,Stadt Taucha,0,,
2758,Gemeinde Taufkirchen (Vils),0,,
2759,Stadt Taunusstein,0,,
2760,Stadt Tecklenburg,0,,
2761,Gemeinde Tegernheim,1,,
2762,Markt Teisnach,0,,
2763,Stadt Telgte,0,,
2764,Stadt Tengen,0,,
2765,Gemeinde Teningen,1,,
2766,Stadt Teterow,0,,
2767,Markt Tettau,0,,
2768,Stadt Tettnang,0,,
2769,Verwaltungsgemeinschaft Teuschnitz,0,,
2770,Gemeinde Teutschenthal,1,,
2771,Gemeinde Thalmassing,0,,
2772,Samtgemeinde Thedinghausen,1,,
2773,Gemeinde Theilheim,1,,
2774,Verwaltungsgemeinschaft Theres,0,,
2775,Gemeinde Tholey,0,,
2776,Gemeinde Thüngersheim,1,,
2777,Verwaltungsgemeinschaft Thurmansbang,0,,
2778,Markt Thurnau,0,,
2779,Gemeinde Tiefenbach im Landkreis Landshut,0,,
2780,Gemeinde Tiefenbronn,1,,
2781,Stadt Titisee-Neustadt,0,,
2782,Stadt Tittmoning,0,,
2783,Gemeinde Titz,0,,
2784,Stadt Todtnau,0,,
2785,Amt Torgelow-Ferdinandshof,0,,
2786,Stadt Traunreut,0,,
2787,Große Kreisstadt Traunstein,0,,
2788,Landkreis Traunstein,0,,
2789,Verwaltungsgemeinschaft Trebgast,1,,
2790,Gemeinde Trebur,0,,
2791,Stadt Trendelburg,0,,
2792,Stadt Triberg im Schwarzwald,0,,
2793,Markt Triefenstein,0,,
2794,Verwaltungsgemeinschaft Triesdorf,0,,
2795,Stadt Trochtelfingen,0,,
2796,Stadt Troisdorf,0,,
2797,Stadt Trossingen,0,,
2798,Stadt Trostberg,0,,
2799,Universitätsstadt Tübingen,0,,
2800,Landkreis Tübingen,0,,
2801,Gemeinde Türkenfeld,0,,
2802,Gemeinde Tuningen,1,,
2803,Stadt Tuttlingen,0,,
2804,Landkreis Tuttlingen,0,,
2805,Gemeinde Tutzing,0,,
2806,Gemeinde Twist,0,,
2807,Gemeinde Twistetal,1,,
2808,Stadt Twistringen,0,,
2809,Gemeinde Ubstadt-Weiher,0,,
2810,Samtgemeinde Uchte,1,,
2811,Stadt Übach-Palenberg,1,,
2812,Gemeinde Überherrn,0,,
2813,Stadt Überlingen,0,,
2814,Gemeinde Übersee,1,,
2815,Gemeinde Üchtelhausen,0,,
2816,Stadt Ueckermünde,0,,
2817,Verwaltungsgemeinschaft Uehlfeld,1,,
2818,Gemeinde Ühlingen-Birkendorf,0,,
2819,Samtgemeinde Uelsen,1,,
2820,Stadt Uetersen,1,,
2821,Gemeinde Uetze,0,,
2822,Gemeinde Uffing a.Staffelsee,0,,
2823,Stadt Uhingen,1,,
2824,Gemeinde Uhldingen-Mühlhofen,0,,
2825,Alb-Donau-Kreis,0,,
2826,Universitätsstadt Ulm,0,,
2827,Stadt Ulrichstein,0,,
2828,Gemeinde Umkirch,0,,
2829,Gemeinde Ummendorf,0,,
2830,Gemeinde Unlingen,1,,
2831,Kreis Unna,0,,
2832,Kreisstadt Unna,0,,
2833,Gemeinde Unstruttal,0,,
2834,Gemeinde Untereisesheim,1,,
2835,Gemeinde Unterensingen,1,,
2836,Gemeinde Untergruppenbach,0,,
2837,Gemeinde Unterkirnach,0,,
2838,Gemeinde Untermünkheim,0,,
2839,Gemeinde Unterpleichfeld,0,,
2840,Gemeinde Unterreichenbach,0,,
2841,Gemeinde Unterschneidheim,0,,
2842,Verwaltungsgemeinschaft Untersteinach,0,,
2843,Verwaltungsgemeinschaft Unterthingau,0,,
2844,Gemeinde Unterwössen,0,,
2845,Gemeinde Uplengen,1,,
2846,Gemeinde Urbach,1,,
2847,Gemeinde Ursensollen,1,,
2848,Amt Usedom-Nord,0,,
2849,Stadt Usingen,1,,
2850,Stadt Uslar,0,,
2851,Verwaltungsgemeinschaft Uttenreuth,0,,
2852,Gemeinde Uttenweiler,1,,
2853,Gemeinde Utting am Ammersee,0,,
2854,Stadt Vaihingen an der Enz,0,,
2855,Stadt Varel,0,,
2856,Gemeinde Vaterstetten,0,,
2857,Gemeinde Vechelde,0,,
2858,Landkreis Vechta,0,,
2859,Stadt Vechta,0,,
2860,Verwaltungsgemeinschaft Veitsbronn,1,,
2861,Gemeinde Veitshöchheim,0,,
2862,Stadt Velbert,0,,
2863,Stadt Velburg,0,,
2864,Stadt Velen,1,,
2865,Stadt Vellberg,0,,
2866,Stadt Vellmar,1,,
2867,Samtgemeinde Velpke,1,,
2868,Stadt Verden (Aller),0,,
2869,Landkreis Verden,0,,
2870,Stadt Veringenstadt,1,,
2871,Stadt Verl,1,,
2872,Stadt Versmold,0,,
2873,Gemeinde Vettweiß,0,,
2874,Gemeinde Viereth-Trunstadt,0,,
2875,Stadt Viernheim,0,,
2876,Stadt Villingen-Schwenningen,0,,
2877,Gemeinde Villingendorf,0,,
2878,Marktflecken Villmar,0,,
2879,Stadt Vilseck,0,,
2880,Stadt Vilshofen an der Donau,0,,
2881,Gemeinde Visbek,0,,
2882,Stadt Visselhövede,0,,
2883,Stadt Vlotho,0,,
2884,Gemeinde Vöhl,0,,
2885,Stadt Vöhrenbach,0,,
2886,Gemeinde Vöhringen,1,,
2887,Gemeinde Vörstetten,0,,
2888,Vogelsbergkreis,0,,
2889,Gemeinde Vogt,0,,
2890,Stadt Vogtsburg im Kaiserstuhl,0,,
2891,Gemeinde Volkertshausen,0,,
2892,Stadt Volkmarsen,0,,
2893,Stadt Vreden,0,,
2894,Gemeinde Waakirchen,0,,
2895,Gemeinde Wabern,1,,
2896,Markt Wachenroth,0,,
2897,Gemeinde Wachtberg,1,,
2898,Stadt Wadern,1,,
2899,Gemeinde Wadersloh,0,,
2900,Gemeinde Wadgassen,0,,
2901,Stadt Wächtersbach,0,,
2902,Gemeinde Wäschenbeuren,1,,
2903,Gemeinde Waffenbrunn,1,,
2904,Gemeinde Wagenfeld,0,,
2905,Stadt Waghäusel,0,,
2906,Verwaltungsgemeinschaft Waging a.See,1,,
2907,Stadt Waiblingen,0,,
2908,Stadt Waibstadt,1,,
2909,Gemeinde Waigolshausen,0,,
2910,Gemeinde Wain,1,,
2911,Stadt Waischenfeld,0,,
2912,Gemeinde Wald,1,,
2913,Gemeinde Wald-Michelbach,0,,
2914,Gemeinde Waldachtal,1,,
2915,Stadt Waldbröl,0,,
2916,Gemeinde Waldbronn,0,,
2917,Gemeinde Waldbrunn,0,,
2918,Gemeinde Waldbrunn (Westerwald),0,,
2919,Gemeinde Waldbüttelbrunn,0,,
2920,Gemeinde Waldburg,0,,
2921,Gemeinde Walddorfhäslach,0,,
2922,Stadt Waldeck,0,,
2923,Landkreis Waldeck-Frankenberg,0,,
2924,Gemeinde Waldems,0,,
2925,Stadt Waldenbuch,0,,
2926,Stadt Waldenburg,0,,
2927,Verwaltungsgemeinschaft Walderbach,1,,
2928,Gemeinde Waldfeucht,0,,
2929,Stadt Waldkappel,0,,
2930,Stadt Waldkirch,0,,
2931,Stadt Waldkirchen,0,,
2932,Stadt Waldshut-Tiengen,0,,
2933,Landkreis Waldshut,0,,
2934,Gemeinde Waldsolms,0,,
2935,Gemeinde Waldstetten,0,,
2936,Gemeinde Walheim,1,,
2937,Gemeinde Walkenried,0,,
2938,Stadt Walldorf,0,,
2939,Stadt Walldürn,0,,
2940,Stadt Wallenfels,0,,
2941,Gemeinde Wallenhorst,0,,
2942,Gemeinde Wallerfangen,1,,
2943,Gemeinde Wallgau,1,,
2944,Gemeinde Wallhausen,0,,
2945,Gemeinde Walluf,0,,
2946,Stadt Walsrode,0,,
2947,Gemeinde Waltenhofen,0,,
2948,Stadt Waltrop,0,,
2949,Gemeinde Walzbachtal,0,,
2950,Stadt Wanfried,0,,
2951,Gemeinde Wangen,0,,
2952,Stadt Wangen im Allgäu,0,,
2953,Gemeinde Wangerland,0,,
2954,Nordseebad Wangerooge,0,,
2955,Gemeinde Wannweil,1,,
2956,Stadt Wanzleben-Börde,0,,
2957,Hansestadt Warburg,0,,
2958,Gemeinde Wardenburg,0,,
2959,Stadt Waren (Müritz),0,,
2960,Kreis Warendorf,0,,
2961,Stadt Warendorf,0,,
2962,Gemeinde Warngau,1,,
2963,Amt Warnow-West,0,,
2964,Stadt Warstein,0,,
2965,Gemeinde Wartenberg,0,,
2966,Gemeinde Warthausen,0,,
2967,Stadt Wassenberg,0,,
2968,Stadt Wassertrüdingen,0,,
2969,Stadt Wedel,0,,
2970,Gemeinde Wedemark,1,,
2971,Stadt Weener,0,,
2972,Stadt Wegberg,0,,
2973,Stadt Wehr,0,,
2974,Gemeinde Wehretal,0,,
2975,Gemeinde Wehrheim,1,,
2976,Verbandgemeinde Weida-Land,0,,
2977,Verwaltungsgemeinschaft Weidenberg,1,,
2978,Gemeinde Weidhausen b.Coburg,0,,
2979,Verwaltungsgemeinschaft Weihenzell,1,,
2980,Stadt Weikersheim,0,,
2981,Stadt Weil am Rhein,0,,
2982,Stadt Weil der Stadt,1,,
2983,Gemeinde Weil im Schönbuch,0,,
2984,Markt Weilbach,0,,
2985,Stadt Weilburg,0,,
2986,Gemeinde Weilerswist,1,,
2987,Gemeinde Weilheim,1,,
2988,Stadt Weilheim an der Teck,0,,
2989,Marktflecken Weilmünster,0,,
2990,Gemeinde Weilrod,1,,
2991,Gemeinde Weimar (Lahn),0,,
2992,Gemeinde Weinbach,1,,
2993,Stadt Weingarten,0,,
2994,Gemeinde Weingarten (Baden),0,,
2995,Stadt Weinheim,0,,
2996,Stadt Weinsberg,0,,
2997,Stadt Weinstadt,1,,
2998,Gemeinde Weisenbach,1,,
2999,Markt Weisendorf,0,,
3000,Gemeinde Weiskirchen,1,started;attempt_0,no_bundestagswahl
3001,Gemeinde Weissach,1,started;attempt_0,success
3002,Gemeinde Weissach im Tal,1,started;attempt_0,success
3003,Gemeinde Weißbach,1,started;attempt_0,success
3004,Gemeinde Weißenborn,1,started;attempt_0,success
3005,Gemeinde Weißenbrunn,1,started;attempt_0,bayern_skip
3006,Große Kreisstadt Weißenburg i.Bay.,0,started;attempt_0,bayern_skip
3007,Landkreis Weißenburg-Gunzenhausen,0,started;attempt_0,bayern_skip
3008,Stadt Weißenfels,0,started;attempt_0,no_bundestagswahl
3009,Stadt Weißenstadt,1,started;attempt_0,bayern_skip
3010,Verwaltungsgemeinschaft Weißwasser/O.L.,1,started;attempt_0,success
3011,Große Kreisstadt Weißwasser/O.L.,1,started;attempt_0,success
3012,Gemeinde Weisweil,1,started;attempt_0,success
3013,Stadt Weiterstadt,1,started;attempt_0,success
3014,Verwaltungsgemeinschaft Weitnau,1,started;attempt_0,bayern_skip
3015,Gemeinde Weitramsdorf,0,started;attempt_0,bayern_skip
3016,Gemeinde Wellendingen,1,started;attempt_0,success
3017,Markt Wellheim,0,started;attempt_0,bayern_skip
3018,Gemeinde Welver,1,started;attempt_0,success
3019,Stadt Welzheim,0,started;attempt_0,
3020,Gemeinde Wendeburg,1,,
3021,Markt Wendelstein,0,,
3022,Gemeinde Wenden,1,,
3023,Stadt Wendlingen am Neckar,0,,
3024,Gemeinde Wennigsen (Deister),0,,
3025,Gemeinde Wenzenbach,1,,
3026,Gemeinde Werbach,1,,
3027,Große Kreisstadt Werdau,0,,
3028,Stadt Werdohl,0,,
3029,Stadt Werl,1,,
3030,Samtgemeinde Werlte,1,,
3031,Stadt Wermelskirchen,0,,
3032,Stadt Wernau (Neckar),0,,
3033,Stadt Werne,1,,
3034,Werra-Meißner-Kreis,0,,
3035,Markt Wertach,0,,
3036,Stadt Wertheim,1,,
3037,Stadt Werther (Westf.),0,,
3038,Samtgemeinde Wesendorf,0,,
3039,Samtgemeinde Weser-Aue,0,,
3040,Landkreis Wesermarsch,0,,
3041,Gemeinde Wesertal,1,,
3042,Stadt Wesseling,0,,
3043,Amt West-Rügen,0,,
3044,Gemeinde Westerheim,1,,
3045,Gemeinde Westerkappeln,0,,
3046,Landkreis Ammerland,0,,
3047,Stadt Westerstede,1,,
3048,Gemeinde Westerstetten,0,,
3049,Gemeinde Westhausen,0,,
3050,Verbandsgemeinde Westliche Börde,0,,
3051,Gemeinde Westoverledingen,1,,
3052,Gemeinde Wethautal,0,,
3053,Gemeinde Wettenberg,1,,
3054,Stadt Wetter (Hessen),0,,
3055,Stadt Wetter (Ruhr),0,,
3056,Wetteraukreis,0,,
3057,Gemeinde Wettringen,1,,
3058,Gemeinde Wettstetten,0,,
3059,Stadt Wetzlar,0,,
3060,Gemeinde Weyhe,1,,
3061,Gemeinde Wickede (Ruhr),0,,
3062,Stadt Widdern,0,,
3063,Gemeinde Wiefelstede,0,,
3064,Stadt Wiehl,0,,
3065,Gemeinde Wielenbach,1,,
3066,Gemeinde Wiernsheim,1,,
3067,Landeshauptstadt Wiesbaden,0,,
3068,Gemeinde Wiesenbach,1,,
3069,Gemeinde Wiesenfelden,1,,
3070,Stadt Wiesensteig,0,,
3071,Gemeinde Wiesent,1,,
3072,Stadt Wiesloch,0,,
3073,Stadt Wiesmoor,0,,
3074,Gemeinde Wietmarschen,0,,
3075,Gemeinde Wietzendorf,1,,
3076,Verwaltungsgemeinschaft Wilburgstetten,0,,
3077,Stadt Wildberg,0,,
3078,Gemeinde Wildeck,0,,
3079,Stadt Wildeshausen,0,,
3080,Markt Wildflecken,0,,
3081,Gemeinde Wildpoldsried,0,,
3082,Gemeinde Wilhelmsdorf,0,,
3083,Stadt Wilhelmshaven,0,,
3084,Gemeinde Wilhelmsthal,0,,
3085,Markt Wilhermsdorf,0,,
3086,Stadt Willebadessen,0,,
3087,Gemeinde Willingen (Upland),0,,
3088,Gemeinde Willingshausen,0,,
3089,Gemeinde Willstätt,0,,
3090,Gemeinde Wilnsdorf,0,,
3091,Stadt Wilsdruff,0,,
3092,Gemeinde Wimsheim,1,,
3093,Verwaltungsgemeinschaft Windach,1,,
3094,Gemeinde Windeck,1,,
3095,Gemeinde Winden im Elztal,0,,
3096,Stadt Windsbach,0,,
3097,Stadt Winnenden,0,,
3098,Gemeinde Winterbach,1,,
3099,Stadt Winterberg,0,,
3100,Gemeinde Winterlingen,1,,
3101,Markt Winzer,0,,
3102,Hansestadt Wipperfürth,0,,
3103,Markt Wirsberg,0,,
3104,Stadt Witten,0,,
3105,Landkreis Wittenberg,0,,
3106,Amt Wittenburg,0,,
3107,Stadt Wittingen,0,,
3108,Landkreis Wittmund,0,,
3109,Stadt Wittmund,0,,
3110,Gemeinde Wittnau,1,,
3111,Stadt Witzenhausen,0,,
3112,Gemeinde Wölfersheim,1,,
3113,Gemeinde Wöllstadt,1,,
3114,Verwaltungsgemeinschaft Wörth a. d. Donau,0,,
3115,Stadt Wörth a.Main,0,,
3116,Gemeinde Wörthsee,0,,
3117,Gemeinde Wohratal,0,,
3118,Stadt Wolfach,0,,
3119,Gemeinde Wolfegg,0,,
3120,Stadt Wolfenbüttel,0,,
3121,Landkreis Wolfenbüttel,0,,
3122,Stadt Wolfhagen,0,,
3123,Verwaltungsgemeinschaft Wolframs-Eschenbach,0,,
3124,Stadt Wolfsburg,0,,
3125,Gemeinde Wolfschlugen,0,,
3126,Stadt Wolmirstedt,0,,
3127,Gemeinde Wolpertshausen,0,,
3128,Gemeinde Wolpertswende,0,,
3129,Gemeinde Worpswede,1,,
3130,Stadt Wülfrath,0,,
3131,Stadt Würselen,0,,
3132,Stadt Würzburg,0,,
3133,Landkreis Würzburg,0,,
3134,Gemeinde Wüstenrot,0,,
3135,Stadt Wunstorf,0,,
3136,Stadt Wuppertal,0,,
3137,Gemeinde Wurmberg,1,,
3138,Gemeinde Wurmlingen,1,,
3139,Gemeinde Wurster Nordseeküste,0,,
3140,Gemeinde Wutach,1,,
3141,Gemeinde Wutöschingen,1,,
3142,Gemeinde Wyhl am Kaiserstuhl,0,,
3143,Gemeinde Zaberfeld,0,,
3144,Stadt Zahna-Elster,0,,
3145,Gemeinde Zaisenhausen,0,,
3146,Gemeinde Zandt,0,,
3147,Markt Zapfendorf,0,,
3148,Amt Zarrentin,0,,
3149,Stadt Zeil a.Main,0,,
3150,Gemeinde Zeitlarn,0,,
3151,Markt Zeitlofs,0,,
3152,Stadt Zeitz,0,,
3153,Markt Zell a.Main,0,,
3154,Stadt Zell am Harmersbach,0,,
3155,Markt Zell im Fichtelgebirge,0,,
3156,Stadt Zell im Wiesental,0,,
3157,Gemeinde Zell unter Aichelberg,0,,
3158,Stadt Zerbst/Anhalt,0,,
3159,Gemeinde Zetel,0,,
3160,Samtgemeinde Zeven,1,,
3161,Stadt Zierenberg,0,,
3162,Gemeinde Zimmern ob Rottweil,0,,
3163,Stadt Zirndorf,1,,
3164,Zollernalbkreis,0,,
3165,Gemeinde Zorneding,0,,
3166,Stadt Zülpich,0,,
3167,Amt Züssow,0,,
3168,Gemeinde Zuzenhausen,0,,
3169,Gemeinde Zweiflingen,1,,
3170,Stadt Zwenkau,0,,
3171,Stadt Zwiesel,1,,
3172,Stadt Zwingenberg,0,,
